roman,titreLabel,date_de_publication,nombre_de_pages,authorLabel
http://www.wikidata.org/entity/Q619036,,,,Izuki Kogyoku
http://www.wikidata.org/entity/Q824338,Travnička hronika,1945-01-01T00:00:00Z,,Ivo Andrić
http://www.wikidata.org/entity/Q824338,Bosnian Chronicle,1945-01-01T00:00:00Z,,Ivo Andrić
http://www.wikidata.org/entity/Q824338,Travnička hronika,1988-01-01T00:00:00Z,,Ivo Andrić
http://www.wikidata.org/entity/Q824338,Bosnian Chronicle,1988-01-01T00:00:00Z,,Ivo Andrić
http://www.wikidata.org/entity/Q1213328,,2007-01-01T00:00:00Z,,Bernhard Schlink
http://www.wikidata.org/entity/Q1342068,,1273-01-01T00:00:00Z,,Konrad von Würzburg
http://www.wikidata.org/entity/Q1453053,Island of the Blue Dolphins,1960-01-01T00:00:00Z,,Scott O'Dell
http://www.wikidata.org/entity/Q1835834,,1998-01-01T00:00:00Z,,Maryna and Serhiy Dyachenko
http://www.wikidata.org/entity/Q2280031,Prilli i Thyer,1980-01-01T00:00:00Z,291,Ismail Kadare
http://www.wikidata.org/entity/Q2344193,,,,
http://www.wikidata.org/entity/Q2606729,,1964-01-01T00:00:00Z,,Jim Thompson
http://www.wikidata.org/entity/Q2934831,Camille,2000-08-24T00:00:00Z,,Anthony Palou
http://www.wikidata.org/entity/Q3139595,Hombres de maíz,1949-01-01T00:00:00Z,,Miguel Ángel Asturias
http://www.wikidata.org/entity/Q3201512,L'Affaire Lerouge,1866-01-01T00:00:00Z,583,Émile Gaboriau
http://www.wikidata.org/entity/Q3203517,"The History of Henry Esmond, Esq., A Colonel in the Service of Her Majesty Queen Anne",1852-01-01T00:00:00Z,,William Makepeace Thackeray
http://www.wikidata.org/entity/Q3236059,I Viceré,1894-01-01T00:00:00Z,,Federico de Roberto
http://www.wikidata.org/entity/Q3625396,,1981-01-01T00:00:00Z,,Manuel Vázquez Montalbán
http://www.wikidata.org/entity/Q3631524,,1995-01-01T00:00:00Z,,Andy McNab
http://www.wikidata.org/entity/Q3651053,,1907-01-01T00:00:00Z,,Luigi Natoli
http://www.wikidata.org/entity/Q3665658,,1983-01-01T00:00:00Z,,John Maddox Roberts
http://www.wikidata.org/entity/Q3693589,,1930-01-01T00:00:00Z,,Luigi Natoli
http://www.wikidata.org/entity/Q3731278,,2012-01-01T00:00:00Z,,Lilli Gruber
http://www.wikidata.org/entity/Q3790056,,1909-01-01T00:00:00Z,,Luigi Natoli
http://www.wikidata.org/entity/Q3790672,,2004-01-01T00:00:00Z,,Giulio Leoni
http://www.wikidata.org/entity/Q3790924,,2006-01-01T00:00:00Z,,Pierdomenico Baccalario
http://www.wikidata.org/entity/Q3791041,,2002-01-01T00:00:00Z,,Ben Pastor
http://www.wikidata.org/entity/Q3791288,,2000-01-01T00:00:00Z,,Ramón Díaz Eterovic
http://www.wikidata.org/entity/Q3793063,,1935-01-01T00:00:00Z,,Augusto De Angelis
http://www.wikidata.org/entity/Q3793225,,1984-01-01T00:00:00Z,,Giuseppe Marrazzo
http://www.wikidata.org/entity/Q3793416,,1969-01-01T00:00:00Z,,John Russell Fearn
http://www.wikidata.org/entity/Q3793767,,1942-01-01T00:00:00Z,,Achille Campanile
http://www.wikidata.org/entity/Q3793775,,2005-01-01T00:00:00Z,,Carolly Erickson
http://www.wikidata.org/entity/Q3793958,,1984-01-01T00:00:00Z,,Arto Paasilinna
http://www.wikidata.org/entity/Q3794149,,1997-01-01T00:00:00Z,,Julian May
http://www.wikidata.org/entity/Q3794150,,1993-01-01T00:00:00Z,,Andre Norton
http://www.wikidata.org/entity/Q3794151,,1992-01-01T00:00:00Z,,Julian May
http://www.wikidata.org/entity/Q3794286,,1870-01-01T00:00:00Z,,Giuseppe Garibaldi
http://www.wikidata.org/entity/Q3794724,,1946-01-01T00:00:00Z,,Luciano Bolis
http://www.wikidata.org/entity/Q3794736,,2012-01-01T00:00:00Z,,Valerio Massimo Manfredi
http://www.wikidata.org/entity/Q3794779,,2011-01-01T00:00:00Z,,Pierdomenico Baccalario
http://www.wikidata.org/entity/Q3794946,,1932-01-01T00:00:00Z,,Mary Roberts Rinehart
http://www.wikidata.org/entity/Q3795011,,2010-01-01T00:00:00Z,,Pierdomenico Baccalario
http://www.wikidata.org/entity/Q3796116,,2006-01-01T00:00:00Z,,Giulio Leoni
http://www.wikidata.org/entity/Q3812909,,2002-01-01T00:00:00Z,,Ben Pastor
http://www.wikidata.org/entity/Q3817979,,1986-01-01T00:00:00Z,,Giuseppe Turani
http://www.wikidata.org/entity/Q3818364,,2010-01-01T00:00:00Z,,Carla Maria Russo
http://www.wikidata.org/entity/Q3819338,,2009-01-01T00:00:00Z,,Gianluca Floris
http://www.wikidata.org/entity/Q3819574,,2005-01-01T00:00:00Z,,Mauro Corona
http://www.wikidata.org/entity/Q3819702,,1931-01-01T00:00:00Z,,Paul H. Lovering
http://www.wikidata.org/entity/Q3820918,,2008-01-01T00:00:00Z,,Luciana Littizzetto
http://www.wikidata.org/entity/Q3821331,,2008-01-01T00:00:00Z,,Pétros Márkaris
http://www.wikidata.org/entity/Q3821547,,2002-01-01T00:00:00Z,,Ben Pastor
http://www.wikidata.org/entity/Q3821830,,1963-01-01T00:00:00Z,,Felice Trojani
http://www.wikidata.org/entity/Q3822558,,2006-01-01T00:00:00Z,,Serge Brussolo
http://www.wikidata.org/entity/Q3823215,,2002-01-01T00:00:00Z,,Mauro Corona
http://www.wikidata.org/entity/Q3823290,,2002-01-01T00:00:00Z,,Alberto Melis
http://www.wikidata.org/entity/Q3823717,,2003-01-01T00:00:00Z,,Luciana Littizzetto
http://www.wikidata.org/entity/Q3823947,,1984-01-01T00:00:00Z,,Manuel Vázquez Montalbán
http://www.wikidata.org/entity/Q3823948,,1993-01-01T00:00:00Z,,Candace Robb
http://www.wikidata.org/entity/Q3824134,,2010-01-01T00:00:00Z,,Giulio Leoni
http://www.wikidata.org/entity/Q3824255,,1977-01-01T00:00:00Z,,Manuel Vázquez Montalbán
http://www.wikidata.org/entity/Q3824656,,2012-01-01T00:00:00Z,,Ben Pastor
http://www.wikidata.org/entity/Q3828474,,1961-01-01T00:00:00Z,,Fritz Leiber
http://www.wikidata.org/entity/Q3829069,,2007-01-01T00:00:00Z,,Emily Rodda
http://www.wikidata.org/entity/Q3829973,,1996-01-01T00:00:00Z,,Henry Roth
http://www.wikidata.org/entity/Q3835812,,2011-01-01T00:00:00Z,,Pierdomenico Baccalario
http://www.wikidata.org/entity/Q3840634,,2001-01-01T00:00:00Z,,Ben Pastor
http://www.wikidata.org/entity/Q3845822,,1931-01-01T00:00:00Z,,Emilio Lussu
http://www.wikidata.org/entity/Q3857983,,2005-01-01T00:00:00Z,,Manuel Vázquez Montalbán
http://www.wikidata.org/entity/Q3857984,,2004-01-01T00:00:00Z,,Manuel Vázquez Montalbán
http://www.wikidata.org/entity/Q3858324,,2000-01-01T00:00:00Z,,Luciana Littizzetto
http://www.wikidata.org/entity/Q3874388,,2003-01-01T00:00:00Z,,Geronimo Stilton
http://www.wikidata.org/entity/Q3874388,,2003-01-01T00:00:00Z,,Elisabetta Dami
http://www.wikidata.org/entity/Q3878628,,1966-01-01T00:00:00Z,,Carmelo Bene
http://www.wikidata.org/entity/Q3911398,,2000-01-01T00:00:00Z,,Barbara Nadel
http://www.wikidata.org/entity/Q3927901,,1997-01-01T00:00:00Z,,Manuel Vázquez Montalbán
http://www.wikidata.org/entity/Q3934011,,2010-01-01T00:00:00Z,,Valerio Evangelisti
http://www.wikidata.org/entity/Q3937920,,2006-01-01T00:00:00Z,,Luciana Littizzetto
http://www.wikidata.org/entity/Q3944332,,1993-01-01T00:00:00Z,,Manuel Vázquez Montalbán
http://www.wikidata.org/entity/Q3955842,,2006-01-01T00:00:00Z,,Giuliano Dego
http://www.wikidata.org/entity/Q3958237,,2010-01-01T00:00:00Z,,Geronimo Stilton
http://www.wikidata.org/entity/Q3958237,,2010-01-01T00:00:00Z,,Elisabetta Dami
http://www.wikidata.org/entity/Q4003934,,2001-01-01T00:00:00Z,,Massimo Siviero
http://www.wikidata.org/entity/Q4008000,,2011-01-01T00:00:00Z,,Vito Bruschini
http://www.wikidata.org/entity/Q4010968,,2011-01-01T00:00:00Z,,Elisabetta Dami
http://www.wikidata.org/entity/Q4089055,,,,Valentin Pikul'
http://www.wikidata.org/entity/Q4315242,,1983-01-01T00:00:00Z,,Sergueï Dovlatov
http://www.wikidata.org/entity/Q4342490,,,,Pär Lagerkvist
http://www.wikidata.org/entity/Q4528063,,1925-01-01T00:00:00Z,,Arkadi Avérchenko
http://www.wikidata.org/entity/Q4659888,,,,Vikram Seth
http://www.wikidata.org/entity/Q4660767,A Woman of the Iron People,1991-04-01T00:00:00Z,,Eleanor Arnason
http://www.wikidata.org/entity/Q4807961,,2004-01-01T00:00:00Z,,Pierdomenico Baccalario
http://www.wikidata.org/entity/Q4820283,,2008-01-01T00:00:00Z,,Pierdomenico Baccalario
http://www.wikidata.org/entity/Q4820294,,2009-01-01T00:00:00Z,,Pierdomenico Baccalario
http://www.wikidata.org/entity/Q4820637,,2007-01-01T00:00:00Z,,Pierdomenico Baccalario
http://www.wikidata.org/entity/Q4820673,,2005-01-01T00:00:00Z,,Pierdomenico Baccalario
http://www.wikidata.org/entity/Q4820682,,2005-01-01T00:00:00Z,,Pierdomenico Baccalario
http://www.wikidata.org/entity/Q4822053,,1962-01-01T00:00:00Z,,Carlos Fuentes
http://www.wikidata.org/entity/Q5391840,Ensimmäinen murhani,1993-01-01T00:00:00Z,,Leena Lehtolainen
http://www.wikidata.org/entity/Q104848497,,,,Leslie Poles Hartley
http://www.wikidata.org/entity/Q104869294,The Fall of the Families,1987-01-01T00:00:00Z,,Phillip Mann
http://www.wikidata.org/entity/Q104873927,,2020-01-01T00:00:00Z,,Jonathan Coe
http://www.wikidata.org/entity/Q105086176,Paradise City,2020-06-01T00:00:00Z,,Zoë Beck
http://www.wikidata.org/entity/Q105317094,,1968-01-01T00:00:00Z,,Kornelius von Vacano
http://www.wikidata.org/entity/Q105616648,Song for Mumu,1967-01-01T00:00:00Z,,Lindsay Barrett
http://www.wikidata.org/entity/Q105886912,,1996-01-01T00:00:00Z,,Joan Francesc Mira
http://www.wikidata.org/entity/Q106119597,,2013-03-15T00:00:00Z,,
http://www.wikidata.org/entity/Q106498501,Увела ружа,2021-01-01T00:00:00Z,68,Borisav Stanković
http://www.wikidata.org/entity/Q106595701,La Erupción Zafiro,2020-01-01T00:00:00Z,,
http://www.wikidata.org/entity/Q106686859,Vetas profundas,2019-01-01T00:00:00Z,,Fernando Aramburu
http://www.wikidata.org/entity/Q106835320,Entre vinos hablaos,2021-02-01T00:00:00Z,,Olga Luján
http://www.wikidata.org/entity/Q107050557,The Last Days of Forcados High School,2013-01-01T00:00:00Z,,
http://www.wikidata.org/entity/Q107272639,,2018-01-01T00:00:00Z,144,Michael Chabon
http://www.wikidata.org/entity/Q107302819,,2020-01-01T00:00:00Z,,Andrea Tompa
http://www.wikidata.org/entity/Q107400936,الملف 42,2020-01-01T00:00:00Z,,Abdelmajid Sebbata
http://www.wikidata.org/entity/Q107596125,,2020-01-01T00:00:00Z,,Alison Stine
http://www.wikidata.org/entity/Q107647715,,2015-01-01T00:00:00Z,,Denise Mina
http://www.wikidata.org/entity/Q107655928,,2017-01-01T00:00:00Z,,Sabda Armandio
http://www.wikidata.org/entity/Q107681735,Swimming with Jonah : a novel,1999-01-01T00:00:00Z,,Audrey Schulman
http://www.wikidata.org/entity/Q107988234,"Detransition, Baby",,,Torrey Peters
http://www.wikidata.org/entity/Q108074725,Schneeschwestern,2011-01-01T00:00:00Z,,Matthias Wittekindt
http://www.wikidata.org/entity/Q108208219,The Voice,1964-01-01T00:00:00Z,,Gabriel Okara
http://www.wikidata.org/entity/Q108377484,The Spider King’s Daughter,2013-07-09T00:00:00Z,,Chibundu Onuzo
http://www.wikidata.org/entity/Q108392233,Head above Water,1986-01-01T00:00:00Z,,Buchi Emecheta
http://www.wikidata.org/entity/Q108392233,Head above Water,1994-02-22T00:00:00Z,,Buchi Emecheta
http://www.wikidata.org/entity/Q108444422,In the ditch,1972-01-01T00:00:00Z,,Buchi Emecheta
http://www.wikidata.org/entity/Q108718502,,2021-01-01T00:00:00Z,,Susanne Saygin
http://www.wikidata.org/entity/Q108747057,,,,Ramón Gómez de la Serna
http://www.wikidata.org/entity/Q108860788,Dwa bieguny,1893-01-01T00:00:00Z,,Eliza Orzeszkowa
http://www.wikidata.org/entity/Q109006741,,,,Honoré de Balzac
http://www.wikidata.org/entity/Q109044081,My Demon's Name Is Ed,2016-10-04T00:00:00Z,,Danah Khalil
http://www.wikidata.org/entity/Q109046208,,,,
http://www.wikidata.org/entity/Q109051138,,2016-08-13T00:00:00Z,,Christina Kilbourne
http://www.wikidata.org/entity/Q109081333,,2014-09-01T00:00:00Z,,Lisa Harrington
http://www.wikidata.org/entity/Q109099522,On Ajayi Crowther Street,2020-05-19T00:00:00Z,,Elnathan John
http://www.wikidata.org/entity/Q109099827,The Chibok Girls,2017-04-06T00:00:00Z,,Helon Habila
http://www.wikidata.org/entity/Q109141366,,2020-01-01T00:00:00Z,,Leanne Simpson
http://www.wikidata.org/entity/Q109236375,Naira power,1982-01-01T00:00:00Z,,Buchi Emecheta
http://www.wikidata.org/entity/Q109311428,Any Way the Wind Blows,2021-01-01T00:00:00Z,,Rainbow Rowell
http://www.wikidata.org/entity/Q109343069,人世间,,,Liang Xiaosheng
http://www.wikidata.org/entity/Q109345199,,2016-01-01T00:00:00Z,,Peter Tieryas
http://www.wikidata.org/entity/Q109346837,,,,Nkem Nwankwo
http://www.wikidata.org/entity/Q109359462,,,,Kyūsaku Yumeno
http://www.wikidata.org/entity/Q109359575,,,,Yū Anekōji
http://www.wikidata.org/entity/Q109359801,,,,Kō Machida
http://www.wikidata.org/entity/Q109360121,,,,Shirō Kuro
http://www.wikidata.org/entity/Q109360763,,,,Kazuo Hirotsu
http://www.wikidata.org/entity/Q109360856,,,,Nobuo Kojima
http://www.wikidata.org/entity/Q109361271,,,,Kyūsaku Yumeno
http://www.wikidata.org/entity/Q109361397,,,,Tsumao Awasaka
http://www.wikidata.org/entity/Q109361641,,,,
http://www.wikidata.org/entity/Q109362346,,1988-01-01T00:00:00Z,,Yoichi Funado
http://www.wikidata.org/entity/Q109362671,,,,Yoichi Funado
http://www.wikidata.org/entity/Q109362938,この気持ちもいつか忘れる,,,Yoru Sumino
http://www.wikidata.org/entity/Q109363921,,,,Mie Takase
http://www.wikidata.org/entity/Q109364341,,,,Shō Shibata
http://www.wikidata.org/entity/Q109364343,,,,Abe Kōbō
http://www.wikidata.org/entity/Q109364461,,,,
http://www.wikidata.org/entity/Q109365321,,,,Kōji Abe
http://www.wikidata.org/entity/Q109366059,,,,Kyotaro Nishimura
http://www.wikidata.org/entity/Q109366060,,,,Nowaki Fukamidori
http://www.wikidata.org/entity/Q109366078,,,,Takatarō Kigi
http://www.wikidata.org/entity/Q109367405,,,,
http://www.wikidata.org/entity/Q109367877,,,,Yoichi Funado
http://www.wikidata.org/entity/Q109368324,,,,Junjō Shindō
http://www.wikidata.org/entity/Q109408499,"Prinz William, Maximilian Minsky und ich",2002-01-01T00:00:00Z,,Holly-Jane Rahlens
http://www.wikidata.org/entity/Q109409373,,2014-01-01T00:00:00Z,,Susan Kreller
http://www.wikidata.org/entity/Q109431206,,,,Nhật Ánh Nguyêñ
http://www.wikidata.org/entity/Q109432947,,1986-01-01T00:00:00Z,,Ahmad Tohari
http://www.wikidata.org/entity/Q109434200,Adriana: Labirin Cinta di Kilometer Nol,2010-01-01T00:00:00Z,,Fajar Nugros
http://www.wikidata.org/entity/Q109436250,Quando le montagne cantano,,,Nguyễn Phan Quế Mai
http://www.wikidata.org/entity/Q109447769,Skin of the Sea,2021-11-02T00:00:00Z,,Natasha Bowen
http://www.wikidata.org/entity/Q109594421,,,,
http://www.wikidata.org/entity/Q109594514,,,,
http://www.wikidata.org/entity/Q109595281,,,,
http://www.wikidata.org/entity/Q109595463,,,,
http://www.wikidata.org/entity/Q109596173,,,,
http://www.wikidata.org/entity/Q109596561,,,,
http://www.wikidata.org/entity/Q109596656,,2018-06-28T00:00:00Z,,Shinzō Mitsuda
http://www.wikidata.org/entity/Q109596667,,,,Takashi Yanase
http://www.wikidata.org/entity/Q109596677,,,,
http://www.wikidata.org/entity/Q109596874,,,,Manabu Makime
http://www.wikidata.org/entity/Q109596965,,,,Hideyuki Kikuchi
http://www.wikidata.org/entity/Q109597002,,,,Brian Lumley
http://www.wikidata.org/entity/Q109597442,,,,Shō Tatsumiya
http://www.wikidata.org/entity/Q109597819,,,,Kaoru Yukinari
http://www.wikidata.org/entity/Q109598486,,,,Kazuki Kaneshiro
http://www.wikidata.org/entity/Q109599140,,,,
http://www.wikidata.org/entity/Q109599257,,1917-01-01T00:00:00Z,,Ryūnosuke Akutagawa
http://www.wikidata.org/entity/Q109599464,電車を止めるな!,,,
http://www.wikidata.org/entity/Q109599777,,,,Fumie Kondō
http://www.wikidata.org/entity/Q109599944,,,,Madoka Takadono
http://www.wikidata.org/entity/Q109599972,,,,Masahiko Shimada
http://www.wikidata.org/entity/Q109600734,,,,Michiyo Kikuta
http://www.wikidata.org/entity/Q109600856,,,,Yang Sok-il
http://www.wikidata.org/entity/Q109601278,,,,
http://www.wikidata.org/entity/Q109601859,,,,Osamu Dazai
http://www.wikidata.org/entity/Q109601865,,2021-07-30T00:00:00Z,,Masahiro Imamura
http://www.wikidata.org/entity/Q109603288,,,,Nishio Ishin
http://www.wikidata.org/entity/Q17562770,Skaza,2006-01-01T00:00:00Z,,Magdalena Tulli
http://www.wikidata.org/entity/Q17631903,,1906-01-01T00:00:00Z,,Yambo
http://www.wikidata.org/entity/Q17639435,,2000-01-01T00:00:00Z,,Lee Child
http://www.wikidata.org/entity/Q18176460,La montagna d'oro,1901-01-01T00:00:00Z,,Emilio Salgari
http://www.wikidata.org/entity/Q18236962,,,,Manuel Scorza
http://www.wikidata.org/entity/Q18390054,,1971-01-01T00:00:00Z,,Ellery Queen
http://www.wikidata.org/entity/Q18407139,Няма нищо по-хубаво от лошото време,1968-01-01T00:00:00Z,,Bogomil Raïnov
http://www.wikidata.org/entity/Q18418764,,2014-01-01T00:00:00Z,,Ben Pastor
http://www.wikidata.org/entity/Q18456497,,2014-03-06T00:00:00Z,,
http://www.wikidata.org/entity/Q18858492,斯文變相,,,
http://www.wikidata.org/entity/Q18880605,,,,Hwang Sun-mi
http://www.wikidata.org/entity/Q18987449,"ছবির দেশে, কবিতার দেশে",1991-01-01T00:00:00Z,,Sunil Gangopadhyay
http://www.wikidata.org/entity/Q19089527,,1951-01-01T00:00:00Z,,James H. Street
http://www.wikidata.org/entity/Q19435909,,,,Emilia Pardo Bazán
http://www.wikidata.org/entity/Q19523729,Bludné duše,,,Václav Beneš Třebízský
http://www.wikidata.org/entity/Q19524363,Dekret Kutnohorský,,,Josef Kajetán Tyl
http://www.wikidata.org/entity/Q19525189,Duše továrny,1894-01-01T00:00:00Z,,Matěj Anastasia Šimáček
http://www.wikidata.org/entity/Q19526896,Kašpar Lén,1905-10-06T00:00:00Z,,Karel Matěj Čapek-Chod
http://www.wikidata.org/entity/Q19528773,Na šachtě,,,František Sokol-Tůma
http://www.wikidata.org/entity/Q19530653,Pravý výlet pana Broučka do Měsíce,,,Svatopluk Čech
http://www.wikidata.org/entity/Q19531502,Robinson čili Osudy a dobrodružství anglické rodiny v šírých stepích severní Ameriky zabloudilé,,,Thomas Mayne Reid
http://www.wikidata.org/entity/Q19531502,Robinson čili Osudy a dobrodružství anglické rodiny v šírých stepích severní Ameriky zabloudilé,,,František Antonín Zeman
http://www.wikidata.org/entity/Q19531502,Robinson čili Osudy a dobrodružství anglické rodiny v šírých stepích severní Ameriky zabloudilé,,,Josef Vojtech Houska
http://www.wikidata.org/entity/Q19531855,Skláři,,,Karel Klostermann
http://www.wikidata.org/entity/Q19534942,Vlastencové z Boudy,1877-01-01T00:00:00Z,,Josef Jiří Stankovský
http://www.wikidata.org/entity/Q19599468,,1994-01-01T00:00:00Z,,Iain Pears
http://www.wikidata.org/entity/Q19606269,,,,Geneviève Dormann
http://www.wikidata.org/entity/Q19622938,,2014-01-01T00:00:00Z,,Pierdomenico Baccalario
http://www.wikidata.org/entity/Q19670901,,,,Hr̥dayacandasiṃha Pradhāna
http://www.wikidata.org/entity/Q19682487,माधवी,1983-01-01T00:00:00Z,,Madan Mani Dixit
http://www.wikidata.org/entity/Q19704434,,,,Iida Rauma
http://www.wikidata.org/entity/Q19811115,ரங்கோன் ராதா,1947-01-01T00:00:00Z,192,Conjeevaram Natarajan Annadurai
http://www.wikidata.org/entity/Q19852707,,,,Fishman The Second
http://www.wikidata.org/entity/Q19855764,,,,Tangjia Sanshao
http://www.wikidata.org/entity/Q19977709,,,,Fredrik Ström
http://www.wikidata.org/entity/Q20461728,Sesuci Kasih Ibu,,,Rejab F.I.
http://www.wikidata.org/entity/Q20501145,,,,
http://www.wikidata.org/entity/Q20501167,,1979-01-01T00:00:00Z,,Valentin Pikul'
http://www.wikidata.org/entity/Q20501186,,,,
http://www.wikidata.org/entity/Q20501303,,,,
http://www.wikidata.org/entity/Q20666450,,,,Jean d'Ormesson
http://www.wikidata.org/entity/Q20972545,,,,Jean d'Ormesson
http://www.wikidata.org/entity/Q21035931,,2014-01-01T00:00:00Z,,Wally Lamb
http://www.wikidata.org/entity/Q21189997,,2015-01-01T00:00:00Z,,Antonio Manzini
http://www.wikidata.org/entity/Q21190073,,2015-01-01T00:00:00Z,,Pierdomenico Baccalario
http://www.wikidata.org/entity/Q21322954,Women of Owu,2006-01-01T00:00:00Z,,Femi Osofisan
http://www.wikidata.org/entity/Q21576522,묘지,1924-08-01T00:00:00Z,,Yom Sang-seop
http://www.wikidata.org/entity/Q21576522,만세전,1924-08-01T00:00:00Z,,Yom Sang-seop
http://www.wikidata.org/entity/Q21576522,묘지,1948-02-01T00:00:00Z,,Yom Sang-seop
http://www.wikidata.org/entity/Q21576522,만세전,1948-02-01T00:00:00Z,,Yom Sang-seop
http://www.wikidata.org/entity/Q21874597,,1927-01-01T00:00:00Z,,Storm Jameson
http://www.wikidata.org/entity/Q21875045,,1957-01-01T00:00:00Z,,Storm Jameson
http://www.wikidata.org/entity/Q21875170,,1968-01-01T00:00:00Z,,Storm Jameson
http://www.wikidata.org/entity/Q22125402,,1987-01-01T00:00:00Z,,Shizuko Tōdō
http://www.wikidata.org/entity/Q22263543,,2011-01-01T00:00:00Z,,Erri De Luca
http://www.wikidata.org/entity/Q22263545,,2015-01-01T00:00:00Z,,Pierdomenico Baccalario
http://www.wikidata.org/entity/Q22263556,Terre Selvagge,2014-01-01T00:00:00Z,,Sebastiano Vassalli
http://www.wikidata.org/entity/Q23538340,Мир по Новикову,2006-01-01T00:00:00Z,,Andrei Gusev
http://www.wikidata.org/entity/Q24574726,,1923-01-01T00:00:00Z,,Edgar Wallace
http://www.wikidata.org/entity/Q24894877,,,,
http://www.wikidata.org/entity/Q25217435,Carnival,2006-11-28T00:00:00Z,,Elizabeth Bear
http://www.wikidata.org/entity/Q25413124,,1979-01-01T00:00:00Z,,Jerzy Krzysztoń
http://www.wikidata.org/entity/Q25418488,,2020-12-09T00:00:00Z,,Nhật Ánh Nguyêñ
http://www.wikidata.org/entity/Q25463040,,,,
http://www.wikidata.org/entity/Q25526186,,,,
http://www.wikidata.org/entity/Q25565611,The Store that Mama Built,1992-01-01T00:00:00Z,,Robert Lehrman
http://www.wikidata.org/entity/Q25588251,,1988-01-01T00:00:00Z,,Shirshendu Mukhopadhyay
http://www.wikidata.org/entity/Q25645099,,,,
http://www.wikidata.org/entity/Q26258747,,2013-01-01T00:00:00Z,,Siri Pettersen
http://www.wikidata.org/entity/Q26964775,How I Left The National Grid,2015-01-01T00:00:00Z,,Guy Mankowski
http://www.wikidata.org/entity/Q27961057,,1994-01-01T00:00:00Z,,Bianca Pitzorno
http://www.wikidata.org/entity/Q28038922,,,,
http://www.wikidata.org/entity/Q28096756,What Belongs to You,,194,Garth Greenwell
http://www.wikidata.org/entity/Q28670268,,2013-01-01T00:00:00Z,,Carlo Lucarelli
http://www.wikidata.org/entity/Q28671581,,2008-01-01T00:00:00Z,,Albert Espinosa Puig
http://www.wikidata.org/entity/Q28690009,,2007-08-06T00:00:00Z,,Miyuki Miyabe
http://www.wikidata.org/entity/Q28711587,,1900-01-01T00:00:00Z,,Marian Vayreda i Vila
http://www.wikidata.org/entity/Q29254891,,2015-10-01T00:00:00Z,350,Kikuko Tsumura
http://www.wikidata.org/entity/Q29649673,Seven Surrenders,2017-02-01T00:00:00Z,,Ada Palmer
http://www.wikidata.org/entity/Q30766218,,,,Erckmann-Chatrian
http://www.wikidata.org/entity/Q30887885,,,,
http://www.wikidata.org/entity/Q30894390,,2014-01-01T00:00:00Z,,Ahmed Nagi
http://www.wikidata.org/entity/Q30900601,,2016-01-01T00:00:00Z,,
http://www.wikidata.org/entity/Q30933592,,,,Keiichirō Hirano
http://www.wikidata.org/entity/Q30940687,,2005-05-20T00:00:00Z,,Tong Fang Po
http://www.wikidata.org/entity/Q31354596,მსხლების მინდორი,2015-05-11T00:00:00Z,,Nana Ekvtimishvili
http://www.wikidata.org/entity/Q31683013,,1898-01-01T00:00:00Z,,Stephen Crane
http://www.wikidata.org/entity/Q31707500,,,,
http://www.wikidata.org/entity/Q31734913,,1995-01-01T00:00:00Z,,Roger Manderscheid
http://www.wikidata.org/entity/Q31734916,,1991-01-01T00:00:00Z,,Roger Manderscheid
http://www.wikidata.org/entity/Q31795806,Хоёр хар буурын туурь,1970-01-01T00:00:00Z,,D. Maam
http://www.wikidata.org/entity/Q31896051,,,,Anna-Lisa Bäckman
http://www.wikidata.org/entity/Q33011916,All That I Have,2009-01-01T00:00:00Z,,Castle Freeman
http://www.wikidata.org/entity/Q42191460,El inglés de los güesos,,,Benito Lynch
http://www.wikidata.org/entity/Q42192616,,,,Sholem Asch
http://www.wikidata.org/entity/Q42193640,Obyčejný život,1985-01-01T00:00:00Z,,Karel Čapek
http://www.wikidata.org/entity/Q42526317,,2017-01-01T00:00:00Z,,Pétros Márkaris
http://www.wikidata.org/entity/Q47470254,세종대왕,1969-03-01T00:00:00Z,,Park Chong-hwa
http://www.wikidata.org/entity/Q48798438,Season of Crimson Blossoms,2015-01-01T00:00:00Z,,Abubakar Adam Ibrahim
http://www.wikidata.org/entity/Q48834802,,1998-01-01T00:00:00Z,,
http://www.wikidata.org/entity/Q6533708,,,,
http://www.wikidata.org/entity/Q7065918,,1942-01-01T00:00:00Z,,Jim Thompson
http://www.wikidata.org/entity/Q7261426,Purple Hibiscus,2003-10-01T00:00:00Z,,Chimamanda Ngozi Adichie
http://www.wikidata.org/entity/Q7572055,Sozaboy: A Novel in Rotten English,1985-01-01T00:00:00Z,,Ken Saro-Wiwa
http://www.wikidata.org/entity/Q7637499,,,,Herman Raucher
http://www.wikidata.org/entity/Q7723033,,1989-01-01T00:00:00Z,,Lindsay Clarke
http://www.wikidata.org/entity/Q7727308,The Concubine,1966-01-01T00:00:00Z,,Elechi Amadi
http://www.wikidata.org/entity/Q7736237,,1958-01-01T00:00:00Z,,Jim Thompson
http://www.wikidata.org/entity/Q7753070,The namesake,2003-01-01T00:00:00Z,,Jhumpa Lahiri
http://www.wikidata.org/entity/Q7835565,Trapeze,2012-01-01T00:00:00Z,,Simon Mawer
http://www.wikidata.org/entity/Q7835565,Girl who fell from the sky,2012-01-01T00:00:00Z,,Simon Mawer
http://www.wikidata.org/entity/Q9206982,,,,
http://www.wikidata.org/entity/Q9311913,Rojsty,1956-01-01T00:00:00Z,,Tadeusz Konwicki
http://www.wikidata.org/entity/Q9346461,Straszny dziadunio,1887-01-01T00:00:00Z,,Maria Rodziewiczówna
http://www.wikidata.org/entity/Q10259894,,1943-01-01T00:00:00Z,,Zhao Shuli
http://www.wikidata.org/entity/Q10395654,,1973-01-01T00:00:00Z,,Clarice Lispector
http://www.wikidata.org/entity/Q10478677,,2008-01-01T00:00:00Z,,
http://www.wikidata.org/entity/Q10499461,,2009-05-31T00:00:00Z,,Anna Lytsy
http://www.wikidata.org/entity/Q10535499,Ingen tobak inget halleluja,,,Eric Lundqvist
http://www.wikidata.org/entity/Q10783080,,,,Nhật Ánh Nguyêñ
http://www.wikidata.org/entity/Q10826671,,1986-01-01T00:00:00Z,,Lựu Lê
http://www.wikidata.org/entity/Q10841378,,,,Đoàn Giỏi
http://www.wikidata.org/entity/Q11079025,故园,,,Yi Shu
http://www.wikidata.org/entity/Q11188334,,,,Makoto Kawashima
http://www.wikidata.org/entity/Q11288935,,,262,Tetsuya Honda
http://www.wikidata.org/entity/Q11289565,,,,Kiyoshi Shigematsu
http://www.wikidata.org/entity/Q11291268,,,,Tadashi Hirose
http://www.wikidata.org/entity/Q11323521,,,,Katsuhiko Takahashi
http://www.wikidata.org/entity/Q11353977,,1972-08-22T00:00:00Z,364,Seishi Yokomizo
http://www.wikidata.org/entity/Q11544647,,,,Kenzō Kitakata
http://www.wikidata.org/entity/Q11630100,,,,Paul Lindsay
http://www.wikidata.org/entity/Q11639216,,1976-06-07T00:00:00Z,496,Seishi Yokomizo
http://www.wikidata.org/entity/Q11677847,,,,Edogawa Ranpo
http://www.wikidata.org/entity/Q11748410,,2007-01-01T00:00:00Z,,Eugeniusz Dębski
http://www.wikidata.org/entity/Q11751698,Kwiat kalafiora,1981-01-01T00:00:00Z,,Małgorzata Musierowicz
http://www.wikidata.org/entity/Q11864126,How to Kill a Bull,1984-01-01T00:00:00Z,,Anna-Leena Härkönen
http://www.wikidata.org/entity/Q11864126,Häräntappoase,1984-01-01T00:00:00Z,,Anna-Leena Härkönen
http://www.wikidata.org/entity/Q11870626,,,,Jukka Parkkinen
http://www.wikidata.org/entity/Q11873234,Kukunor,1949-01-01T00:00:00Z,,Lauri Viita
http://www.wikidata.org/entity/Q11884881,,1926-01-01T00:00:00Z,,Hilja Valtonen
http://www.wikidata.org/entity/Q11911004,,1992-01-01T00:00:00Z,,Maria Mercè Roca i Perich
http://www.wikidata.org/entity/Q11968424,,1985-01-01T00:00:00Z,,Erik Fosnes Hansen
http://www.wikidata.org/entity/Q11999188,,1990-01-01T00:00:00Z,,Erik Fosnes Hansen
http://www.wikidata.org/entity/Q12096071,,,,Mykola Trublaini
http://www.wikidata.org/entity/Q12103196,,,,Viktor Platonovytch Petrov
http://www.wikidata.org/entity/Q12191551,القوقعة: يوميات متلصص,2008-01-01T00:00:00Z,383,Moustafa Khalifé
http://www.wikidata.org/entity/Q12221930,طواحين بيروت,1972-01-01T00:00:00Z,,Toufic Youssef Aouad
http://www.wikidata.org/entity/Q12277170,,,,
http://www.wikidata.org/entity/Q12278885,,,,
http://www.wikidata.org/entity/Q12280299,,,,
http://www.wikidata.org/entity/Q12291104,,,,
http://www.wikidata.org/entity/Q12294103,,,,
http://www.wikidata.org/entity/Q12374054,Riiulid,1994-01-01T00:00:00Z,,Andres Vanapa
http://www.wikidata.org/entity/Q12448539,,,,Munshi Premchand
http://www.wikidata.org/entity/Q12603394,,,,
http://www.wikidata.org/entity/Q12605355,,2010-06-01T00:00:00Z,344,Chae-ik Yi
http://www.wikidata.org/entity/Q12684983,Change!,2008-03-10T00:00:00Z,,http://www.wikidata.org/.well-known/genid/2f914b3fd00ec36b0fe5e31c6f24e909
http://www.wikidata.org/entity/Q12699574,,,,
http://www.wikidata.org/entity/Q12747447,Šnit,2007-01-01T00:00:00Z,,Igor Marojevic
http://www.wikidata.org/entity/Q12809752,,2009-01-01T00:00:00Z,,Pierdomenico Baccalario
http://www.wikidata.org/entity/Q13010007,,,,Yandamuri Veerendranath
http://www.wikidata.org/entity/Q13013331,,1939-01-01T00:00:00Z,,Kan Phuengbun na Ayutthaya
http://www.wikidata.org/entity/Q13013331,,1939-01-01T00:00:00Z,,King Phuengbun na Ayutthaya
http://www.wikidata.org/entity/Q13036209,Toorbos,2003-01-01T00:00:00Z,,Dalene Matthee
http://www.wikidata.org/entity/Q13038571,Elira,1978-01-01T00:00:00Z,,
http://www.wikidata.org/entity/Q13041631,Lindita,1978-01-01T00:00:00Z,,Sulejman Krasniqi
http://www.wikidata.org/entity/Q13042955,Mjegull,2009-01-01T00:00:00Z,,Teodor Laço
http://www.wikidata.org/entity/Q13046786,Thikat,1989-01-01T00:00:00Z,,Neshat Tozaj
http://www.wikidata.org/entity/Q13058219,,,,Humayun Ahmed
http://www.wikidata.org/entity/Q13058241,,,,
http://www.wikidata.org/entity/Q13058552,,,,
http://www.wikidata.org/entity/Q13101375,,2006-01-01T00:00:00Z,,Jhemp Hoscheit
http://www.wikidata.org/entity/Q13104110,Meewäin,2007-01-01T00:00:00Z,,Josy Braun
http://www.wikidata.org/entity/Q13113842,മധുരം ഗായതി,1990-01-01T00:00:00Z,,O. V. Vijayan
http://www.wikidata.org/entity/Q13146878,Carretera ensin barru,,,Q123258157
http://www.wikidata.org/entity/Q13147123,,,,Ismael González Arias
http://www.wikidata.org/entity/Q13183096,,,,
http://www.wikidata.org/entity/Q13187119,सुम्निमा,1969-01-01T00:00:00Z,,Bishweshwar Prasad Koirala
http://www.wikidata.org/entity/Q13187365,,,,Hr̥dayacandasiṃha Pradhāna
http://www.wikidata.org/entity/Q13471165,,1965-01-01T00:00:00Z,,Marvin Albert
http://www.wikidata.org/entity/Q15097035,,2007-01-01T00:00:00Z,,David Nicholls
http://www.wikidata.org/entity/Q15104237,,2013-01-01T00:00:00Z,,Andrea Camilleri
http://www.wikidata.org/entity/Q15258907,Амок,1930-01-01T00:00:00Z,,Ianka Mawr
http://www.wikidata.org/entity/Q15714223,,2013-01-01T00:00:00Z,,Valerio Evangelisti
http://www.wikidata.org/entity/Q15929347,绿野仙踪,1762-01-01T00:00:00Z,,Li Baichuan
http://www.wikidata.org/entity/Q16004459,Terrienne,2011-01-01T00:00:00Z,,Jean-Claude Mourlevat
http://www.wikidata.org/entity/Q16136141,,,,K. Surendran
http://www.wikidata.org/entity/Q16183793,옥루몽,,,Q85975754
http://www.wikidata.org/entity/Q16469664,,1997-01-01T00:00:00Z,,
http://www.wikidata.org/entity/Q16511856,,1962-01-01T00:00:00Z,,Ivo Andrić
http://www.wikidata.org/entity/Q16551050,,2003-01-01T00:00:00Z,,Giulio Leoni
http://www.wikidata.org/entity/Q16560293,,1937-01-01T00:00:00Z,,Gustaw Morcinek
http://www.wikidata.org/entity/Q16565084,,1942-01-01T00:00:00Z,,Augusto De Angelis
http://www.wikidata.org/entity/Q16570602,,2013-01-01T00:00:00Z,,Pierdomenico Baccalario
http://www.wikidata.org/entity/Q16573209,,2012-01-01T00:00:00Z,,Giuliano Sangiorgi
http://www.wikidata.org/entity/Q16619405,,2007-01-01T00:00:00Z,,Alessandro Perissinotto
http://www.wikidata.org/entity/Q16654895,Les Cordes-de-bois,1977-01-01T00:00:00Z,,Antonine Maillet
http://www.wikidata.org/entity/Q16666906,,2004-01-01T00:00:00Z,,Vera Kamsha
http://www.wikidata.org/entity/Q16667070,,1985-01-01T00:00:00Z,,
http://www.wikidata.org/entity/Q16690670,,2008-01-01T00:00:00Z,,
http://www.wikidata.org/entity/Q51623171,,,,Miyuki Miyabe
http://www.wikidata.org/entity/Q53152820,Children of Blood and Bone,2018-03-06T00:00:00Z,,Tomi Adeyemi
http://www.wikidata.org/entity/Q54339489,Nullzeit,2012-01-01T00:00:00Z,,Juli Zeh
http://www.wikidata.org/entity/Q54461696,Poslední paní Hlohovská,1949-01-01T00:00:00Z,,Karolina Světlá
http://www.wikidata.org/entity/Q54461729,Potulný život,,,František Gellner
http://www.wikidata.org/entity/Q54462823,Veliké dni,,,Rudolf Medek
http://www.wikidata.org/entity/Q55521842,,,,
http://www.wikidata.org/entity/Q55598400,,,,Sylvain Prudhomme
http://www.wikidata.org/entity/Q56306166,,,,Steve Tesich
http://www.wikidata.org/entity/Q56311122,,,,Michel Lebrun
http://www.wikidata.org/entity/Q56338065,,2016-01-01T00:00:00Z,,Dave Rudden
http://www.wikidata.org/entity/Q56339173,,2017-01-01T00:00:00Z,,Dave Rudden
http://www.wikidata.org/entity/Q56360180,,,,Oleksa Slissarenko
http://www.wikidata.org/entity/Q56547750,,1979-01-01T00:00:00Z,,Edmund Wnuk-Lipiński
http://www.wikidata.org/entity/Q56739677,Mord założycielski,1989-01-01T00:00:00Z,,Edmund Wnuk-Lipiński
http://www.wikidata.org/entity/Q57886131,La memòria de les formigues,2009-01-01T00:00:00Z,258,Iolanda Batallé i Prats
http://www.wikidata.org/entity/Q60296447,The Secret Lives of Baba Segi's Wives,2010-06-29T00:00:00Z,280,Lola Shoneyin
http://www.wikidata.org/entity/Q60648054,Mustanmeren hauta,2018-01-10T00:00:00Z,,Clive Cussler
http://www.wikidata.org/entity/Q60648054,Mustanmeren hauta,2018-01-10T00:00:00Z,,Dirk Cussler
http://www.wikidata.org/entity/Q60748894,The Incendiaries,2018-06-01T00:00:00Z,,R. O. Kwon
http://www.wikidata.org/entity/Q60749276,घामका पाइलाहरू,1979-01-01T00:00:00Z,,Dhanush Chandra Gautam
http://www.wikidata.org/entity/Q60765582,,2014-09-04T00:00:00Z,,Rachel Cusk
http://www.wikidata.org/entity/Q60985409,,,,
http://www.wikidata.org/entity/Q60997349,サイレント・ブレス,,,Kyoko Minami
http://www.wikidata.org/entity/Q61071678,,,,Orhan Kemal
http://www.wikidata.org/entity/Q61086913,,,,Vladimir Colin
http://www.wikidata.org/entity/Q61118017,Камертон Дажбога,1996-01-01T00:00:00Z,,Oles Berdnyk
http://www.wikidata.org/entity/Q61132998,,1990-01-01T00:00:00Z,,Nhật Ánh Nguyêñ
http://www.wikidata.org/entity/Q61357131,,2013-01-01T00:00:00Z,,Josy Braun
http://www.wikidata.org/entity/Q61388702,,1926-01-01T00:00:00Z,,Aino Kallas
http://www.wikidata.org/entity/Q61943116,,,,Sarah Joseph
http://www.wikidata.org/entity/Q63510067,,2013-01-01T00:00:00Z,,Michele Serra
http://www.wikidata.org/entity/Q64156641,,1967-01-01T00:00:00Z,,Mohammed Khaïr-Eddine
http://www.wikidata.org/entity/Q64348137,,,,
http://www.wikidata.org/entity/Q64711674,,,,Humayun Ahmed
http://www.wikidata.org/entity/Q65047836,French Exit,2018-08-28T00:00:00Z,,Patrick deWitt
http://www.wikidata.org/entity/Q65159753,Chochoły,2010-01-01T00:00:00Z,,Wit Szostak
http://www.wikidata.org/entity/Q65171252,,1988-01-01T00:00:00Z,,Nhật Ánh Nguyêñ
http://www.wikidata.org/entity/Q65344522,,2007-01-01T00:00:00Z,,Hadi AKS
http://www.wikidata.org/entity/Q65565270,La Quitera,1906-01-01T00:00:00Z,211,Dolors Monserdà i Vidal
http://www.wikidata.org/entity/Q65568281,La familia Asparó,1900-01-01T00:00:00Z,256,Dolors Monserdà i Vidal
http://www.wikidata.org/entity/Q66817684,De heilige Rita,2017-01-01T00:00:00Z,,Tommy Wieringa
http://www.wikidata.org/entity/Q67432320,عجیب آدمی۔,1970-01-01T00:00:00Z,,Ismat Chughtai
http://www.wikidata.org/entity/Q74125424,Mage: Such Pain,1995-01-01T00:00:00Z,325,Don Bassingthwaite
http://www.wikidata.org/entity/Q74241659,,2012-11-21T00:00:00Z,,Shūichi Yoshida
http://www.wikidata.org/entity/Q75135725,,1996-01-01T00:00:00Z,,Ye Zhaoyan
http://www.wikidata.org/entity/Q76858060,Legado en los huesos,2013-01-01T00:00:00Z,,Dolores Redondo
http://www.wikidata.org/entity/Q76858060,De chair et d'os,2013-01-01T00:00:00Z,,Dolores Redondo
http://www.wikidata.org/entity/Q76905815,Llio Plas y Nos,1945-01-01T00:00:00Z,,R. Silyn Roberts
http://www.wikidata.org/entity/Q77067167,Dlouhý lovec,,,Alberto Vojtěch Frič
http://www.wikidata.org/entity/Q77069860,Strýček Indián,,,Alberto Vojtěch Frič
http://www.wikidata.org/entity/Q80283843,"Den, der lever stille",2018-01-01T00:00:00Z,,Leonora Christina Skov
http://www.wikidata.org/entity/Q84991079,,2019-07-11T00:00:00Z,,Denzil Meyrick
http://www.wikidata.org/entity/Q85739310,,,,Robert Smythe Hichens
http://www.wikidata.org/entity/Q85745391,,,,Robert Smythe Hichens
http://www.wikidata.org/entity/Q85746443,,,,Robert Smythe Hichens
http://www.wikidata.org/entity/Q85756129,,,,Robert Smythe Hichens
http://www.wikidata.org/entity/Q85806701,,,,Robert Smythe Hichens
http://www.wikidata.org/entity/Q85807075,,,,
http://www.wikidata.org/entity/Q85807249,,,,Robert Smythe Hichens
http://www.wikidata.org/entity/Q85807292,,1949-01-01T00:00:00Z,,Victor Canning
http://www.wikidata.org/entity/Q85807665,,,,Ethel M. Dell
http://www.wikidata.org/entity/Q85882538,,,,
http://www.wikidata.org/entity/Q85984825,,,,
http://www.wikidata.org/entity/Q86000946,,,,Mykola Trublaini
http://www.wikidata.org/entity/Q88636275,Space Relations: A Slightly Gothic Interplanetary Tale,1973-09-17T00:00:00Z,249,Donald Barr
http://www.wikidata.org/entity/Q89461972,Der Hund des Propheten,2003-01-01T00:00:00Z,,Ulrich Ritzel
http://www.wikidata.org/entity/Q90823006,Requiem,2015-01-01T00:00:00Z,572,Alpheratz
http://www.wikidata.org/entity/Q90887098,Jeg nekter å tenke,2017-01-01T00:00:00Z,,Lotta Elstad
http://www.wikidata.org/entity/Q93072217,Bedebah di Ujung Tanduk,2021-10-01T00:00:00Z,,Tere Liye
http://www.wikidata.org/entity/Q95189997,The Glorious Heresies,2015-01-01T00:00:00Z,,Lisa McInerney
http://www.wikidata.org/entity/Q95191251,The Blood Miracles,2017-01-01T00:00:00Z,,Lisa McInerney
http://www.wikidata.org/entity/Q95979950,Los mil años de Elena Fortún. Magerit,1922-01-01T00:00:00Z,,Eusebio de Gorbea Lemmi
http://www.wikidata.org/entity/Q95994112,"অৰ্ণৱ, আস্থা আৰু JEC",2019-11-03T00:00:00Z,,
http://www.wikidata.org/entity/Q96237103,,2005-01-01T00:00:00Z,,Eva Menasse
http://www.wikidata.org/entity/Q96371686,,2019-01-01T00:00:00Z,,Terry Fallis
http://www.wikidata.org/entity/Q96390978,,,,Eleanor Smith
http://www.wikidata.org/entity/Q96392267,,1986-01-01T00:00:00Z,,Ngugi wa Thiong'o
http://www.wikidata.org/entity/Q96408590,The Devil Wives of Li Fong,1979-01-01T00:00:00Z,,E. Hoffmann Price
http://www.wikidata.org/entity/Q96410168,,,,Mildred Downey Broxon
http://www.wikidata.org/entity/Q96972749,,,,Okechukwu Nzelu
http://www.wikidata.org/entity/Q97160307,,,,
http://www.wikidata.org/entity/Q97173155,,1982-01-01T00:00:00Z,,Frederik Pohl
http://www.wikidata.org/entity/Q97199624,,,,Jarkko Sipilä
http://www.wikidata.org/entity/Q97210849,,,,
http://www.wikidata.org/entity/Q97242953,,,,
http://www.wikidata.org/entity/Q97243247,,,,Q110113599
http://www.wikidata.org/entity/Q97313766,,,,
http://www.wikidata.org/entity/Q97781642,حب خارج البرد,2010-01-01T00:00:00Z,151,kamel farhan saleh
http://www.wikidata.org/entity/Q99777276,Djinn Patrol on the Purple Line,2020-01-01T00:00:00Z,,Deepa Anappara
http://www.wikidata.org/entity/Q99904309,,,216,Jacques Roumain
http://www.wikidata.org/entity/Q99905108,,1889-01-01T00:00:00Z,358,Louis-Joseph Janvier
http://www.wikidata.org/entity/Q100892254,,2020-08-03T00:00:00Z,,Fernando Butazzoni
http://www.wikidata.org/entity/Q101166601,1000 Serpentinen Angst,2020-01-01T00:00:00Z,,Olivia Wenzel
http://www.wikidata.org/entity/Q102063000,,,,Na. Parthasarathy
http://www.wikidata.org/entity/Q102064181,,,,Rajam Krishnan
http://www.wikidata.org/entity/Q102305993,,,,Q12984343
http://www.wikidata.org/entity/Q102306464,,,,Ponneelan
http://www.wikidata.org/entity/Q102306768,,,,Rajam Krishnan
http://www.wikidata.org/entity/Q104520894,天官赐福,,,
http://www.wikidata.org/entity/Q124080769,,1893-01-01T00:00:00Z,,Ignati Potapenko
http://www.wikidata.org/entity/Q124080770,,1892-01-01T00:00:00Z,,William Sharp
http://www.wikidata.org/entity/Q124080771,,1897-01-01T00:00:00Z,,William Gordon Stables
http://www.wikidata.org/entity/Q124080772,,1887-01-01T00:00:00Z,,George Alfred Henty
http://www.wikidata.org/entity/Q124080773,,1891-01-01T00:00:00Z,,Bret Harte
http://www.wikidata.org/entity/Q124080774,,1896-01-01T00:00:00Z,,Louis Becke
http://www.wikidata.org/entity/Q124080775,,1895-01-01T00:00:00Z,,Lucy Clifford
http://www.wikidata.org/entity/Q124080776,,1873-01-01T00:00:00Z,,Juliana Horatia Ewing
http://www.wikidata.org/entity/Q124080777,,1897-01-01T00:00:00Z,,Curtis Yorke
http://www.wikidata.org/entity/Q124080778,,1901-01-01T00:00:00Z,,Henry E. Dennehy
http://www.wikidata.org/entity/Q124080779,,1894-01-01T00:00:00Z,,Annie Shepherd Swan
http://www.wikidata.org/entity/Q124080780,,1901-01-01T00:00:00Z,,Fred Whishaw
http://www.wikidata.org/entity/Q124080781,,1896-01-01T00:00:00Z,,Emily Gerard
http://www.wikidata.org/entity/Q124080782,,1900-01-01T00:00:00Z,,Fanny Emily Penny
http://www.wikidata.org/entity/Q124080783,,1886-01-01T00:00:00Z,,James Howard Bridge
http://www.wikidata.org/entity/Q124080784,,1896-01-01T00:00:00Z,,Lily Watson
http://www.wikidata.org/entity/Q124080785,,1895-01-01T00:00:00Z,,Herbert Eastwick Compton
http://www.wikidata.org/entity/Q124080786,,1878-01-01T00:00:00Z,,Eleanor C. Price
http://www.wikidata.org/entity/Q124080787,,1874-01-01T00:00:00Z,,Alexander Charles Ewald
http://www.wikidata.org/entity/Q124080788,,1858-01-01T00:00:00Z,,Maria Bainbridge
http://www.wikidata.org/entity/Q124080789,,1895-01-01T00:00:00Z,,John Davidson
http://www.wikidata.org/entity/Q124080790,,1901-01-01T00:00:00Z,,Herbert Eastwick Compton
http://www.wikidata.org/entity/Q124080792,,1894-01-01T00:00:00Z,,Joseph Fogerty
http://www.wikidata.org/entity/Q124080793,,1895-01-01T00:00:00Z,,Albert Kinross
http://www.wikidata.org/entity/Q124080794,,1886-01-01T00:00:00Z,,Mary Linskill
http://www.wikidata.org/entity/Q124080795,,1897-01-01T00:00:00Z,,Henrietta Eliza Vaughan Stannard
http://www.wikidata.org/entity/Q124080796,,1895-01-01T00:00:00Z,,Eliza Humphreys
http://www.wikidata.org/entity/Q124080797,,1895-01-01T00:00:00Z,,John Bloundelle-Burton
http://www.wikidata.org/entity/Q124080798,,1897-01-01T00:00:00Z,,Eliza Fanny Pollard
http://www.wikidata.org/entity/Q124080799,,1893-01-01T00:00:00Z,,Stanley John Weyman
http://www.wikidata.org/entity/Q124080800,,1881-01-01T00:00:00Z,,Edgar Fawcett
http://www.wikidata.org/entity/Q124080801,,1898-01-01T00:00:00Z,,Nathaniel Gould
http://www.wikidata.org/entity/Q124080802,,1896-01-01T00:00:00Z,,Max Pemberton
http://www.wikidata.org/entity/Q124080803,,1881-01-01T00:00:00Z,,William Howell Poole
http://www.wikidata.org/entity/Q124080805,,1892-01-01T00:00:00Z,,Mabel E. Wotton
http://www.wikidata.org/entity/Q124080806,,1898-01-01T00:00:00Z,,William Gordon Stables
http://www.wikidata.org/entity/Q124080807,,1897-01-01T00:00:00Z,,Mrs. George de Horne Vaizey
http://www.wikidata.org/entity/Q124080808,,1891-01-01T00:00:00Z,,Ménie Muriel Dowie
http://www.wikidata.org/entity/Q124080809,,1882-01-01T00:00:00Z,,Ellen Clayton
http://www.wikidata.org/entity/Q124080810,,1895-01-01T00:00:00Z,,Annie Hall Cudlip
http://www.wikidata.org/entity/Q124080811,,1888-01-01T00:00:00Z,,Mary Eliza Kennard
http://www.wikidata.org/entity/Q124080813,,1901-01-01T00:00:00Z,,George Brown Burgin
http://www.wikidata.org/entity/Q124080814,,1896-01-01T00:00:00Z,,Mrs Alexander
http://www.wikidata.org/entity/Q124080815,,1892-01-01T00:00:00Z,,Adeline Dutton Train Whitney
http://www.wikidata.org/entity/Q124080816,,1840-01-01T00:00:00Z,,Henrietta Georgiana Marcia Lascelles Chatterton
http://www.wikidata.org/entity/Q124080817,,1899-01-01T00:00:00Z,,Emma Marshall
http://www.wikidata.org/entity/Q124080818,,1877-01-01T00:00:00Z,,Juliana Horatia Ewing
http://www.wikidata.org/entity/Q124080819,,1895-01-01T00:00:00Z,,Evelyn Everett-Green
http://www.wikidata.org/entity/Q124080820,,1887-01-01T00:00:00Z,,William Dutton Burrard
http://www.wikidata.org/entity/Q124080821,,1883-01-01T00:00:00Z,,Mary Anne Martha Hoppus
http://www.wikidata.org/entity/Q124080822,,1888-01-01T00:00:00Z,,Dalrymple James Belgrave
http://www.wikidata.org/entity/Q124080824,,1893-01-01T00:00:00Z,,Frank Frankfort Moore
http://www.wikidata.org/entity/Q124080825,,1897-01-01T00:00:00Z,,Samuel Gordon
http://www.wikidata.org/entity/Q124080826,,1897-01-01T00:00:00Z,,L. T. Meade
http://www.wikidata.org/entity/Q124080827,,1885-01-01T00:00:00Z,,Mary Clementina Hibbert-Ware
http://www.wikidata.org/entity/Q124080828,,1885-01-01T00:00:00Z,,Charles Gibbon
http://www.wikidata.org/entity/Q124080829,,1895-01-01T00:00:00Z,,Violet Hunt
http://www.wikidata.org/entity/Q124080830,,1890-01-01T00:00:00Z,,Edna Lyall
http://www.wikidata.org/entity/Q124080831,,1877-01-01T00:00:00Z,,Florence Marryat
http://www.wikidata.org/entity/Q124080832,,1895-01-01T00:00:00Z,,Sir Randal Howland Roberts
http://www.wikidata.org/entity/Q124080833,,1897-01-01T00:00:00Z,,Emma Marshall
http://www.wikidata.org/entity/Q124080834,,1893-01-01T00:00:00Z,,Blanche Mary Loftus Tottenham
http://www.wikidata.org/entity/Q124080835,,1890-01-01T00:00:00Z,,Elisabeth Bürstenbinder
http://www.wikidata.org/entity/Q124080836,,1853-01-01T00:00:00Z,,Dinah Craik
http://www.wikidata.org/entity/Q124080837,,1861-01-01T00:00:00Z,,Thomas Mayne Reid
http://www.wikidata.org/entity/Q124080838,,1898-01-01T00:00:00Z,,Eliza Fanny Pollard
http://www.wikidata.org/entity/Q124080839,,1878-01-01T00:00:00Z,,Elisabeth Bürstenbinder
http://www.wikidata.org/entity/Q124080840,,1892-01-01T00:00:00Z,,Elizabeth Sophia Watson
http://www.wikidata.org/entity/Q124080841,,1892-01-01T00:00:00Z,,Evelyn Everett-Green
http://www.wikidata.org/entity/Q124080842,,1890-01-01T00:00:00Z,,Mary Eliza Kennard
http://www.wikidata.org/entity/Q124080843,,1899-01-01T00:00:00Z,,Sarah Tytler
http://www.wikidata.org/entity/Q124080844,,1876-01-01T00:00:00Z,,Catherine Simpson Wynne
http://www.wikidata.org/entity/Q124080845,,1886-01-01T00:00:00Z,,F. M. Allen
http://www.wikidata.org/entity/Q124080847,,1887-01-01T00:00:00Z,,Ouida
http://www.wikidata.org/entity/Q124080848,,1896-01-01T00:00:00Z,,Ada Cambridge
http://www.wikidata.org/entity/Q124080849,,1894-01-01T00:00:00Z,,Joseph Fogerty
http://www.wikidata.org/entity/Q124080850,,1889-01-01T00:00:00Z,,Grace L. Keith Johnston
http://www.wikidata.org/entity/Q124080851,,1894-01-01T00:00:00Z,,George Alfred Henty
http://www.wikidata.org/entity/Q124080852,,1877-01-01T00:00:00Z,,May Crommelin
http://www.wikidata.org/entity/Q124080853,,1900-01-01T00:00:00Z,,Frederick William Hayes
http://www.wikidata.org/entity/Q124080854,,1901-01-01T00:00:00Z,,James Lane Allen
http://www.wikidata.org/entity/Q124080855,,1894-01-01T00:00:00Z,,Henry Herman
http://www.wikidata.org/entity/Q124080856,,1895-01-01T00:00:00Z,,Henry Tracey Coxwell
http://www.wikidata.org/entity/Q124080857,,1896-01-01T00:00:00Z,,George Alfred Henty
http://www.wikidata.org/entity/Q124080858,,1897-01-01T00:00:00Z,,Nathaniel Gould
http://www.wikidata.org/entity/Q124080859,,1860-01-01T00:00:00Z,,John Westland Marston
http://www.wikidata.org/entity/Q124080860,,1891-01-01T00:00:00Z,,Helen Prothero Lewis
http://www.wikidata.org/entity/Q124080861,,1896-01-01T00:00:00Z,,Frances Hodgson Burnett
http://www.wikidata.org/entity/Q124080862,,1888-01-01T00:00:00Z,,James McGrigor Allan
http://www.wikidata.org/entity/Q124080863,,1835-01-01T00:00:00Z,,Jane Kinderley Stanford
http://www.wikidata.org/entity/Q124080864,,1877-01-01T00:00:00Z,,Annie Hall Cudlip
http://www.wikidata.org/entity/Q124080865,,1881-01-01T00:00:00Z,,Thomas Hardy
http://www.wikidata.org/entity/Q124080866,,1883-01-01T00:00:00Z,,Frank Lee Benedict
http://www.wikidata.org/entity/Q124080867,,1878-01-01T00:00:00Z,,Charles Edward Mansfield
http://www.wikidata.org/entity/Q124080868,,1896-01-01T00:00:00Z,,Sir William Nevill M... Geary
http://www.wikidata.org/entity/Q124080869,,1887-01-01T00:00:00Z,,Mrs. Alexander Fraser
http://www.wikidata.org/entity/Q124080870,,1891-01-01T00:00:00Z,,Henry Herman
http://www.wikidata.org/entity/Q124080871,,1886-01-01T00:00:00Z,,Aimée Daniell Beringer
http://www.wikidata.org/entity/Q124080872,,1853-01-01T00:00:00Z,,Frances Georgiana Herbert
http://www.wikidata.org/entity/Q124080873,,1893-01-01T00:00:00Z,,A. M. W. Stirling
http://www.wikidata.org/entity/Q124082046,,1885-01-01T00:00:00Z,,Emma Marshall
http://www.wikidata.org/entity/Q124082047,,1898-01-01T00:00:00Z,,Athol Forbes
http://www.wikidata.org/entity/Q124082048,,1890-01-01T00:00:00Z,,Fanny Emily Penny
http://www.wikidata.org/entity/Q124082049,,1854-01-01T00:00:00Z,,Antonio Gallenga
http://www.wikidata.org/entity/Q124082050,,1878-01-01T00:00:00Z,,Flora Shaw
http://www.wikidata.org/entity/Q124082051,,1875-01-01T00:00:00Z,,Annie Keary
http://www.wikidata.org/entity/Q124082052,,1897-01-01T00:00:00Z,,Emma Marshall
http://www.wikidata.org/entity/Q124082053,,1882-01-01T00:00:00Z,,George MacDonald
http://www.wikidata.org/entity/Q124082054,,1896-01-01T00:00:00Z,,L. T. Meade
http://www.wikidata.org/entity/Q124082055,,1879-01-01T00:00:00Z,,George Webb Appleton
http://www.wikidata.org/entity/Q124082056,,1893-01-01T00:00:00Z,,William Hale White
http://www.wikidata.org/entity/Q124082057,,1892-01-01T00:00:00Z,,Richard Dowling
http://www.wikidata.org/entity/Q124082058,,1893-01-01T00:00:00Z,,Robert Louis Stevenson
http://www.wikidata.org/entity/Q124082059,,1889-01-01T00:00:00Z,,J. E. Preston Muddock
http://www.wikidata.org/entity/Q124082060,,1870-01-01T00:00:00Z,,John Conroy Hutcheson
http://www.wikidata.org/entity/Q124082061,,1901-01-01T00:00:00Z,,William Murray Graydon
http://www.wikidata.org/entity/Q124082062,,1893-01-01T00:00:00Z,,Giovanni Verga
http://www.wikidata.org/entity/Q124082063,,1881-01-01T00:00:00Z,,Henrietta Eliza Vaughan Stannard
http://www.wikidata.org/entity/Q124082064,,1897-01-01T00:00:00Z,,Henrietta Eliza Vaughan Stannard
http://www.wikidata.org/entity/Q124082065,,1898-01-01T00:00:00Z,,L. T. Meade
http://www.wikidata.org/entity/Q124082066,,1900-01-01T00:00:00Z,,James Maclaren Cobban
http://www.wikidata.org/entity/Q124082067,,1841-01-01T00:00:00Z,,Catherine Gore
http://www.wikidata.org/entity/Q124082068,,1867-01-01T00:00:00Z,,Ouida
http://www.wikidata.org/entity/Q124082069,,1872-01-01T00:00:00Z,,James Payn
http://www.wikidata.org/entity/Q124082070,,1871-01-01T00:00:00Z,,Henry Hawley Smart
http://www.wikidata.org/entity/Q124082071,,1897-01-01T00:00:00Z,,Stanley Victor Makower
http://www.wikidata.org/entity/Q124082072,,1902-01-01T00:00:00Z,,Francis Marion Crawford
http://www.wikidata.org/entity/Q124082074,,1870-01-01T00:00:00Z,,Mary Eliza Bramston
http://www.wikidata.org/entity/Q124082075,,1871-01-01T00:00:00Z,,William Blanchard Jerrold
http://www.wikidata.org/entity/Q124082077,,1866-01-01T00:00:00Z,,George Whyte-Melville
http://www.wikidata.org/entity/Q124082079,,1835-01-01T00:00:00Z,,Elizabeth Strutt
http://www.wikidata.org/entity/Q124082082,,1866-01-01T00:00:00Z,,Ouida
http://www.wikidata.org/entity/Q124082084,,1868-01-01T00:00:00Z,,Emily Faithfull
http://www.wikidata.org/entity/Q124082087,,1891-01-01T00:00:00Z,,Frances Charlotte Armstrong
http://www.wikidata.org/entity/Q124082090,,1891-01-01T00:00:00Z,,George Alfred Henty
http://www.wikidata.org/entity/Q124082092,,1885-01-01T00:00:00Z,,Eliza Francisca Werry
http://www.wikidata.org/entity/Q124082094,,1853-01-01T00:00:00Z,,Elizabeth Sara Sheppard
http://www.wikidata.org/entity/Q124082096,,1841-01-01T00:00:00Z,,Frances Trollope
http://www.wikidata.org/entity/Q124082099,,1883-01-01T00:00:00Z,,Henry Solly
http://www.wikidata.org/entity/Q124082102,,1853-01-01T00:00:00Z,,Eyre Evans Crowe
http://www.wikidata.org/entity/Q124082104,,1843-01-01T00:00:00Z,,Georgina Munro
http://www.wikidata.org/entity/Q124082106,,1874-01-01T00:00:00Z,,William Henry Giles Kingston
http://www.wikidata.org/entity/Q124082108,,1840-01-01T00:00:00Z,,William Gresley
http://www.wikidata.org/entity/Q124082110,,1873-01-01T00:00:00Z,,Thomas Pemberton
http://www.wikidata.org/entity/Q124082112,,1854-01-01T00:00:00Z,,Louisa Keir Grant
http://www.wikidata.org/entity/Q124082115,,1868-01-01T00:00:00Z,,John Lane Ford
http://www.wikidata.org/entity/Q124082117,,1839-01-01T00:00:00Z,,George Payne Rainsford James
http://www.wikidata.org/entity/Q124082119,,1849-01-01T00:00:00Z,,Lt. Col. Henry Senior
http://www.wikidata.org/entity/Q124082121,,1861-01-01T00:00:00Z,,Anne Marsh
http://www.wikidata.org/entity/Q124082123,,1860-01-01T00:00:00Z,,Janet Maughan
http://www.wikidata.org/entity/Q124082126,,1859-01-01T00:00:00Z,,Matilda Betham-Edwards
http://www.wikidata.org/entity/Q124082128,,1877-01-01T00:00:00Z,,Annie Hall Cudlip
http://www.wikidata.org/entity/Q124082131,,1886-01-01T00:00:00Z,,Henry Cadwallader Adams
http://www.wikidata.org/entity/Q124082134,,1890-01-01T00:00:00Z,,Robert Michael Ballantyne
http://www.wikidata.org/entity/Q124082136,,1868-01-01T00:00:00Z,,George Loftus Tottenham
http://www.wikidata.org/entity/Q124082138,,1875-01-01T00:00:00Z,,Sarah Birkbeck Nevins
http://www.wikidata.org/entity/Q124082141,,1900-01-01T00:00:00Z,,Arabella Kenealy
http://www.wikidata.org/entity/Q124082143,,1848-01-01T00:00:00Z,,Edward Aldam Leatham
http://www.wikidata.org/entity/Q124082145,,1874-01-01T00:00:00Z,,Charlotte Despard
http://www.wikidata.org/entity/Q124082147,,1844-01-01T00:00:00Z,,Peter George Patmore
http://www.wikidata.org/entity/Q124082149,,1893-01-01T00:00:00Z,,Sabine Baring-Gould
http://www.wikidata.org/entity/Q124082152,,1878-01-01T00:00:00Z,,Elinor Louisa Huddart
http://www.wikidata.org/entity/Q124082154,,1838-01-01T00:00:00Z,,George Robert Gleig
http://www.wikidata.org/entity/Q124082156,,1877-01-01T00:00:00Z,,Ellen Buckingham Mathews
http://www.wikidata.org/entity/Q124082158,,1898-01-01T00:00:00Z,,Naunton Wingfield Davies
http://www.wikidata.org/entity/Q124082160,,1876-01-01T00:00:00Z,,William Harrison Ainsworth
http://www.wikidata.org/entity/Q124082164,,1884-01-01T00:00:00Z,,Hugh Conway
http://www.wikidata.org/entity/Q124082166,,1893-01-01T00:00:00Z,,Marcus Clarke
http://www.wikidata.org/entity/Q124082169,,1892-01-01T00:00:00Z,,Frances Hodgson Burnett
http://www.wikidata.org/entity/Q124082171,,1878-01-01T00:00:00Z,,William Cuffe
http://www.wikidata.org/entity/Q124082173,,1893-01-01T00:00:00Z,,William Gordon Stables
http://www.wikidata.org/entity/Q124082175,,1889-01-01T00:00:00Z,,William Sharp
http://www.wikidata.org/entity/Q124082177,,1899-01-01T00:00:00Z,,Edward Cooper
http://www.wikidata.org/entity/Q124082180,,1845-01-01T00:00:00Z,,Jane Louisa Willyams
http://www.wikidata.org/entity/Q124082182,,1881-01-01T00:00:00Z,,Silas K. Hocking
http://www.wikidata.org/entity/Q124082184,,1899-01-01T00:00:00Z,,Rosalie Neish
http://www.wikidata.org/entity/Q124082187,,1890-01-01T00:00:00Z,,Silas K. Hocking
http://www.wikidata.org/entity/Q124082189,,1881-01-01T00:00:00Z,,Amy Dillwyn
http://www.wikidata.org/entity/Q124082191,,1846-01-01T00:00:00Z,,Cecilia Frances Tilley
http://www.wikidata.org/entity/Q124082194,,1889-01-01T00:00:00Z,,Emma Marshall
http://www.wikidata.org/entity/Q124082196,,1867-01-01T00:00:00Z,,Frederick Arnold
http://www.wikidata.org/entity/Q124082198,,1870-01-01T00:00:00Z,,Emma Marshall
http://www.wikidata.org/entity/Q124082200,,1852-01-01T00:00:00Z,,Catherine Frances Cartwright
http://www.wikidata.org/entity/Q124082202,,1900-01-01T00:00:00Z,,Amélie Claire Leroy
http://www.wikidata.org/entity/Q124082205,,1894-01-01T00:00:00Z,,Rosa Caroline Praed
http://www.wikidata.org/entity/Q124082207,,1877-01-01T00:00:00Z,,Geraldine May Butt
http://www.wikidata.org/entity/Q124082209,,1884-01-01T00:00:00Z,,Mary Molesworth
http://www.wikidata.org/entity/Q124082212,,1869-01-01T00:00:00Z,,Joseph Hatton
http://www.wikidata.org/entity/Q124082214,,1881-01-01T00:00:00Z,,Richard Doddridge Blackmore
http://www.wikidata.org/entity/Q124082216,,1880-01-01T00:00:00Z,,Mary Hartley
http://www.wikidata.org/entity/Q124082218,,1875-01-01T00:00:00Z,,H. S. Cunningham
http://www.wikidata.org/entity/Q124082221,,1888-01-01T00:00:00Z,,Salome Hocking
http://www.wikidata.org/entity/Q124082223,,1896-01-01T00:00:00Z,,William Dutton Burrard
http://www.wikidata.org/entity/Q124082226,,1884-01-01T00:00:00Z,,Margaret W. Brew
http://www.wikidata.org/entity/Q124082228,,1865-01-01T00:00:00Z,,Anne Marsh
http://www.wikidata.org/entity/Q124082230,,1889-01-01T00:00:00Z,,Henry Johnston
http://www.wikidata.org/entity/Q124082233,,1871-01-01T00:00:00Z,,Sheridan Le Fanu
http://www.wikidata.org/entity/Q124082235,,1895-01-01T00:00:00Z,,Arthur Morrison
http://www.wikidata.org/entity/Q124082237,,1864-01-01T00:00:00Z,,Elizabeth Rundle Charles
http://www.wikidata.org/entity/Q124082239,,1863-01-01T00:00:00Z,,Benjamin Brierley
http://www.wikidata.org/entity/Q111387857,Janjo and Shika: The Battle for Mombasa (1696-1698),1995-03-01T00:00:00Z,,Dan Fulani
http://www.wikidata.org/entity/Q124081835,,1843-01-01T00:00:00Z,,Rosina Bulwer-Lytton
http://www.wikidata.org/entity/Q124081836,,1884-01-01T00:00:00Z,,Elsa d'Esterre-Keeling
http://www.wikidata.org/entity/Q124081837,,1883-01-01T00:00:00Z,,Mary Hay
http://www.wikidata.org/entity/Q124081838,,1892-01-01T00:00:00Z,,Florence Henniker
http://www.wikidata.org/entity/Q124081839,,1895-01-01T00:00:00Z,,William Edward Norris
http://www.wikidata.org/entity/Q124081840,,1898-01-01T00:00:00Z,,Guy Boothby
http://www.wikidata.org/entity/Q124081841,,1889-01-01T00:00:00Z,,William Bury Westall
http://www.wikidata.org/entity/Q124081842,,1848-01-01T00:00:00Z,,James Hannay
http://www.wikidata.org/entity/Q124081843,,1888-01-01T00:00:00Z,,Emma Marshall
http://www.wikidata.org/entity/Q124081844,,1865-01-01T00:00:00Z,,Joseph Hatton
http://www.wikidata.org/entity/Q124081845,,1877-01-01T00:00:00Z,,Emma Hosken Woodward
http://www.wikidata.org/entity/Q124081846,,1877-01-01T00:00:00Z,,Anna Sewell
http://www.wikidata.org/entity/Q124081847,,1876-01-01T00:00:00Z,,William Blanchard Jerrold
http://www.wikidata.org/entity/Q124081848,,1897-01-01T00:00:00Z,,Morice Gerard
http://www.wikidata.org/entity/Q124081849,,1900-01-01T00:00:00Z,,Henry Rider Haggard
http://www.wikidata.org/entity/Q124081850,,1873-01-01T00:00:00Z,,Robert Michael Ballantyne
http://www.wikidata.org/entity/Q124081851,,1898-01-01T00:00:00Z,,Ralph Connor
http://www.wikidata.org/entity/Q124081852,,1877-01-01T00:00:00Z,,Frances Eleanor Trollope
http://www.wikidata.org/entity/Q124081853,,1849-01-01T00:00:00Z,,William John Bellew Archer
http://www.wikidata.org/entity/Q124081854,,1876-01-01T00:00:00Z,,Mortimer Collins
http://www.wikidata.org/entity/Q124081855,,1881-01-01T00:00:00Z,,William Allison
http://www.wikidata.org/entity/Q124081856,,1895-01-01T00:00:00Z,,Fred T. Jane
http://www.wikidata.org/entity/Q124081857,,1898-01-01T00:00:00Z,,Mary Jane Middlemass
http://www.wikidata.org/entity/Q124081858,,1865-01-01T00:00:00Z,,Mrs. George Haly
http://www.wikidata.org/entity/Q124081859,,1891-01-01T00:00:00Z,,Joseph Henry Shorthouse
http://www.wikidata.org/entity/Q124081860,,1901-01-01T00:00:00Z,,Edward S. Ellis
http://www.wikidata.org/entity/Q124081861,,1873-01-01T00:00:00Z,,James Greenwood
http://www.wikidata.org/entity/Q124081862,,1878-01-01T00:00:00Z,,Isabella Reaney
http://www.wikidata.org/entity/Q124081863,,1859-01-01T00:00:00Z,,Rose Foot
http://www.wikidata.org/entity/Q124081864,,1890-01-01T00:00:00Z,,Ellen Buckingham Mathews
http://www.wikidata.org/entity/Q124081865,,1868-01-01T00:00:00Z,,Elizabeth Taylor
http://www.wikidata.org/entity/Q124081866,,1894-01-01T00:00:00Z,,Thomas A. Pinkerton
http://www.wikidata.org/entity/Q124081867,,1868-01-01T00:00:00Z,,James Payn
http://www.wikidata.org/entity/Q124081868,,1888-01-01T00:00:00Z,,William Delisle Hay
http://www.wikidata.org/entity/Q124081869,,1889-01-01T00:00:00Z,,Charles Gibbon
http://www.wikidata.org/entity/Q124081870,,1880-01-01T00:00:00Z,,Mary Anna Paull
http://www.wikidata.org/entity/Q124081871,,1876-01-01T00:00:00Z,,Annie Hall Cudlip
http://www.wikidata.org/entity/Q124081872,,1865-01-01T00:00:00Z,,John Chippendall Montesquieu Bellew
http://www.wikidata.org/entity/Q124081873,,1862-01-01T00:00:00Z,,Augustus Mayhew
http://www.wikidata.org/entity/Q124081874,,1889-01-01T00:00:00Z,,Robert Michael Ballantyne
http://www.wikidata.org/entity/Q124081875,,1879-01-01T00:00:00Z,,Henry Pottinger
http://www.wikidata.org/entity/Q124081876,,1901-01-01T00:00:00Z,,Thomas A. Pinkerton
http://www.wikidata.org/entity/Q124081877,,1893-01-01T00:00:00Z,,George Manville Fenn
http://www.wikidata.org/entity/Q124081878,,1888-01-01T00:00:00Z,,Robert Michael Ballantyne
http://www.wikidata.org/entity/Q124081879,,1877-01-01T00:00:00Z,,Charlotte Louisa Hawkins Dempster
http://www.wikidata.org/entity/Q124081880,,1874-01-01T00:00:00Z,,Anne Isabella Thackeray Ritchie
http://www.wikidata.org/entity/Q124081881,,1893-01-01T00:00:00Z,,Emma Marshall
http://www.wikidata.org/entity/Q124081882,,1892-01-01T00:00:00Z,,Edward S. Ellis
http://www.wikidata.org/entity/Q124081883,,1892-01-01T00:00:00Z,,David Christie Murray
http://www.wikidata.org/entity/Q124081884,,1897-01-01T00:00:00Z,,John Conroy Hutcheson
http://www.wikidata.org/entity/Q124081885,,1895-01-01T00:00:00Z,,Samuel Rutherford Crockett
http://www.wikidata.org/entity/Q124081886,,1896-01-01T00:00:00Z,,Lizzie Ellen Tiddeman
http://www.wikidata.org/entity/Q124081887,,1851-01-01T00:00:00Z,,Henry Meredith Parker
http://www.wikidata.org/entity/Q124081888,,1893-01-01T00:00:00Z,,Isabella Banks
http://www.wikidata.org/entity/Q124081889,,1890-01-01T00:00:00Z,,Annie E. Holdsworth
http://www.wikidata.org/entity/Q124081890,,1881-01-01T00:00:00Z,,Victor O'D. Power
http://www.wikidata.org/entity/Q124081891,,1886-01-01T00:00:00Z,,Beatrice Yorke
http://www.wikidata.org/entity/Q124081892,,1891-01-01T00:00:00Z,,Bertha Jane Grundy
http://www.wikidata.org/entity/Q124081893,,1899-01-01T00:00:00Z,,Frances L. Marshall
http://www.wikidata.org/entity/Q124081894,,1888-01-01T00:00:00Z,,George Alfred Henty
http://www.wikidata.org/entity/Q124081895,,1885-01-01T00:00:00Z,,Henrietta Eliza Vaughan Stannard
http://www.wikidata.org/entity/Q124081896,,1888-01-01T00:00:00Z,,Henrietta Eliza Vaughan Stannard
http://www.wikidata.org/entity/Q124081897,,1886-01-01T00:00:00Z,,Jessie Fothergill
http://www.wikidata.org/entity/Q124081898,,1895-01-01T00:00:00Z,,Fred Whishaw
http://www.wikidata.org/entity/Q124081899,,1879-01-01T00:00:00Z,,Thomas Pemberton
http://www.wikidata.org/entity/Q124081900,,1892-01-01T00:00:00Z,,William Gordon Stables
http://www.wikidata.org/entity/Q124081901,,1887-01-01T00:00:00Z,,William Gordon Stables
http://www.wikidata.org/entity/Q124081902,,1872-01-01T00:00:00Z,,William Harrison Ainsworth
http://www.wikidata.org/entity/Q124081903,,1893-01-01T00:00:00Z,,Emma Marshall
http://www.wikidata.org/entity/Q124081904,,1889-01-01T00:00:00Z,,Algernon Gissing
http://www.wikidata.org/entity/Q124081905,,1901-01-01T00:00:00Z,,Richard Marsh
http://www.wikidata.org/entity/Q124081906,,1899-01-01T00:00:00Z,,George Alfred Henty
http://www.wikidata.org/entity/Q124081907,,1851-01-01T00:00:00Z,,James Grant
http://www.wikidata.org/entity/Q124081908,,1877-01-01T00:00:00Z,,Henry Hawley Smart
http://www.wikidata.org/entity/Q124081909,,1884-01-01T00:00:00Z,,Hugh Conway
http://www.wikidata.org/entity/Q124081910,,1890-01-01T00:00:00Z,,Helen Milman
http://www.wikidata.org/entity/Q124081911,,1881-01-01T00:00:00Z,,Louisa Ruth Lowe
http://www.wikidata.org/entity/Q124081912,,1868-01-01T00:00:00Z,,George Alfred Lawrence
http://www.wikidata.org/entity/Q124081913,,1872-01-01T00:00:00Z,,Hugh Mulleneux Walmsley
http://www.wikidata.org/entity/Q124081915,,1893-01-01T00:00:00Z,,Edith C. Kenyon
http://www.wikidata.org/entity/Q124081916,,1879-01-01T00:00:00Z,,Grace Stebbing
http://www.wikidata.org/entity/Q124081917,,1890-01-01T00:00:00Z,,Florence Marryat
http://www.wikidata.org/entity/Q124081918,,1890-01-01T00:00:00Z,,F. M. Allen
http://www.wikidata.org/entity/Q124081920,,1852-01-01T00:00:00Z,,Dinah Craik
http://www.wikidata.org/entity/Q124081921,,1869-01-01T00:00:00Z,,George Alfred Lawrence
http://www.wikidata.org/entity/Q124081922,,1872-01-01T00:00:00Z,,Susannah Mary Paull
http://www.wikidata.org/entity/Q124081924,,1869-01-01T00:00:00Z,,Henry Hawley Smart
http://www.wikidata.org/entity/Q124081925,,1875-01-01T00:00:00Z,,Mary Hay
http://www.wikidata.org/entity/Q124081926,,1896-01-01T00:00:00Z,,Henry Martineau Greenhow
http://www.wikidata.org/entity/Q124081927,,1873-01-01T00:00:00Z,,Julian Hawthorne
http://www.wikidata.org/entity/Q124081928,,1848-01-01T00:00:00Z,,William Hamilton Maxwell
http://www.wikidata.org/entity/Q124081929,,1887-01-01T00:00:00Z,,Annie Shepherd Swan
http://www.wikidata.org/entity/Q124081930,,1892-01-01T00:00:00Z,,Emma Marshall
http://www.wikidata.org/entity/Q124081932,,1888-01-01T00:00:00Z,,Emma Marshall
http://www.wikidata.org/entity/Q124081933,,1893-01-01T00:00:00Z,,Mary Emma Martin
http://www.wikidata.org/entity/Q124081934,,1864-01-01T00:00:00Z,,Edmund Hodgson Yates
http://www.wikidata.org/entity/Q124081935,,1891-01-01T00:00:00Z,,Mary Jemima Albert
http://www.wikidata.org/entity/Q124081936,,1852-01-01T00:00:00Z,,Herbert Byng Hall
http://www.wikidata.org/entity/Q124081937,,1848-01-01T00:00:00Z,,Fredrika Bremer
http://www.wikidata.org/entity/Q109603367,,,,Eiji Ōishi
http://www.wikidata.org/entity/Q109603850,,2018-12-15T00:00:00Z,,Ruka Kosaka
http://www.wikidata.org/entity/Q109607124,,2001-01-01T00:00:00Z,,Jenoyne Adams
http://www.wikidata.org/entity/Q109646884,,2021-01-01T00:00:00Z,,Martina Clavadetscher
http://www.wikidata.org/entity/Q109647004,Knochenlieder,2017-01-01T00:00:00Z,,Martina Clavadetscher
http://www.wikidata.org/entity/Q109918779,X-100 roman,1988-01-01T00:00:00Z,,Emil Filipčič
http://www.wikidata.org/entity/Q109940453,The hand I fan with,1996-01-01T00:00:00Z,,Tina McElroy Ansa
http://www.wikidata.org/entity/Q109942843,,2021-09-14T00:00:00Z,,Monica Byrne
http://www.wikidata.org/entity/Q109972907,,1992-01-01T00:00:00Z,,Eduardo Mendoza Garriga
http://www.wikidata.org/entity/Q109984510,Nefario,1974-01-01T00:00:00Z,,Augustus C. L. Arnold
http://www.wikidata.org/entity/Q109984846,Nanjing Requiem,2011-01-01T00:00:00Z,,Ha Jin
http://www.wikidata.org/entity/Q109985042,The genocide files,1997-01-01T00:00:00Z,,N. Xavier Arnold
http://www.wikidata.org/entity/Q109990769,,2021-01-01T00:00:00Z,,Søren Pilmark
http://www.wikidata.org/entity/Q110014113,Les Fantômes du Brésil,2006-01-01T00:00:00Z,,Florent Couao-Zotti
http://www.wikidata.org/entity/Q110038395,Notre pain de chaque nuit,1998-01-01T00:00:00Z,,Florent Couao-Zotti
http://www.wikidata.org/entity/Q110049790,,,,Carina Rozenfeld
http://www.wikidata.org/entity/Q110049790,,,,CJ Daugherty
http://www.wikidata.org/entity/Q110050333,Контраендорфин,2020-01-01T00:00:00Z,,Svetislav Basara
http://www.wikidata.org/entity/Q110088155,Rineck - Traum und Fluch der Landfahrer,1937-01-01T00:00:00Z,,Irma von Drygalski
http://www.wikidata.org/entity/Q110088316,Rineck - Traum und Fluch der Landfahrer,1940-01-01T00:00:00Z,,Irma von Drygalski
http://www.wikidata.org/entity/Q110088562,Rineck - Traum und Fluch der Landfahrer,1995-01-01T00:00:00Z,,Irma von Drygalski
http://www.wikidata.org/entity/Q110091481,After the Garden,1987-01-01T00:00:00Z,,Doris Jean Austin
http://www.wikidata.org/entity/Q110119935,"Kraj, kjer se izpolnijo vse vaše želje",2021-01-01T00:00:00Z,,Miha Mazzini
http://www.wikidata.org/entity/Q110135677,Le Cantique des cannibales,2004-01-01T00:00:00Z,,Florent Couao-Zotti
http://www.wikidata.org/entity/Q110149420,Ljubezen v f-molu,1987-01-01T00:00:00Z,,Elza Budau
http://www.wikidata.org/entity/Q110152712,Hudi dol,1983-01-01T00:00:00Z,,
http://www.wikidata.org/entity/Q110154936,,2014-01-01T00:00:00Z,,Mårten Melin
http://www.wikidata.org/entity/Q110154949,,2015-01-01T00:00:00Z,,Mårten Melin
http://www.wikidata.org/entity/Q110190171,"Raphaël, pages de la vingtième année",1849-01-01T00:00:00Z,,Alphonse de Lamartine
http://www.wikidata.org/entity/Q110252725,Pod Kapturem,2021-01-01T00:00:00Z,344,
http://www.wikidata.org/entity/Q110271795,The Canadian Brothers,1840-01-01T00:00:00Z,,John Richardson
http://www.wikidata.org/entity/Q110280387,,1915-05-01T00:00:00Z,,William Wallace Cook
http://www.wikidata.org/entity/Q110288066,,1898-01-01T00:00:00Z,,Marian Vayreda i Vila
http://www.wikidata.org/entity/Q110293240,Selige Witwen,2001-01-01T00:00:00Z,,Ingrid Noll
http://www.wikidata.org/entity/Q110300028,جنون الحكاية - قجدع,1999-01-01T00:00:00Z,176,kamel farhan saleh
http://www.wikidata.org/entity/Q110343384,El fill de l'italià,2019-01-01T00:00:00Z,,Rafael Nadal i Farreras
http://www.wikidata.org/entity/Q110435053,Hong Bo Tan atawa Kwo Lay Yen,1932-05-15T00:00:00Z,,Tan Tek Ho
http://www.wikidata.org/entity/Q110438240,Antara persoedaraan dan pertjintaan,1930-01-01T00:00:00Z,,Thio Tjin Boen
http://www.wikidata.org/entity/Q110444156,Bertie's Escapade,1949-01-01T00:00:00Z,,Kenneth Grahame
http://www.wikidata.org/entity/Q110447564,Ruchome schody,1995-01-01T00:00:00Z,,Zofia Romanowicz
http://www.wikidata.org/entity/Q110452439,"It Kie Tho atawa satoe perampok jang sanget kedjem, tapi mempoenjai ilmoe silat jang sanget tinggi",1931-11-15T00:00:00Z,,Tan Tek Ho
http://www.wikidata.org/entity/Q110459934,Trzecia płeć,1934-01-01T00:00:00Z,,Tadeusz Dołęga-Mostowicz
http://www.wikidata.org/entity/Q110463019,,,,Manuel Brunet i Solà
http://www.wikidata.org/entity/Q110491565,,2020-01-01T00:00:00Z,,Borut Kraševec
http://www.wikidata.org/entity/Q110546185,Igra s hudičevim repom,1978-01-01T00:00:00Z,,Vitomil Zupan
http://www.wikidata.org/entity/Q110570500,Intet,2000-01-01T00:00:00Z,,Janne Teller
http://www.wikidata.org/entity/Q110588785,,,,
http://www.wikidata.org/entity/Q110589677,Uharte bat Venusen,2021-01-01T00:00:00Z,,Xabier Amuriza
http://www.wikidata.org/entity/Q110636824,Anak Siapa,1921-01-01T00:00:00Z,,Thio Tjin Boen
http://www.wikidata.org/entity/Q110638198,,1919-12-07T00:00:00Z,,Theodore Solomons
http://www.wikidata.org/entity/Q110663102,Sam Tian Hwee atawa Satoe perkoempoelan resia,1932-06-15T00:00:00Z,,Tan Tek Ho
http://www.wikidata.org/entity/Q110686895,Hidoep,1940-01-01T00:00:00Z,,Liem Khing Hoo
http://www.wikidata.org/entity/Q110718410,Sonne und Beton,2017-03-10T00:00:00Z,,Felix Lobrecht
http://www.wikidata.org/entity/Q110727623,,1926-12-08T00:00:00Z,,Harold Lamb
http://www.wikidata.org/entity/Q110730689,A Little Piece of Sky,2002-01-01T00:00:00Z,,Nicole Bailey-Williams
http://www.wikidata.org/entity/Q110730862,Soen Bang Yan Gie atawa Ketjoerangan jang Terbales Kedjadian di Djeman Liat Kok v. 01 ﻿,1936-01-01T00:00:00Z,,Lie Lin Leng
http://www.wikidata.org/entity/Q110731987,Death of an Author,1947-01-01T00:00:00Z,,Cecil Street
http://www.wikidata.org/entity/Q110732391,,2017-01-01T00:00:00Z,,Ayobami Adebayo
http://www.wikidata.org/entity/Q110752713,,1926-01-01T00:00:00Z,,Léon Groc
http://www.wikidata.org/entity/Q110754760,,1926-12-31T00:00:00Z,,W. C. Tuttle
http://www.wikidata.org/entity/Q110763930,,,,
http://www.wikidata.org/entity/Q110772380,Men Cry in the Dark,1997-01-01T00:00:00Z,,Michael Baisden
http://www.wikidata.org/entity/Q110772438,Naming the New World,1997-01-01T00:00:00Z,,Calvin Baker
http://www.wikidata.org/entity/Q110797430,Tros,2017-01-01T00:00:00Z,,Rafael Vallbona i Sallent
http://www.wikidata.org/entity/Q110805445,oen Bang Yan Gie atawa Ketjoerangan jang Terbales Kedjadian di Djeman Liat Kok vol 2,1936-01-01T00:00:00Z,,Lie Lin Leng
http://www.wikidata.org/entity/Q110813187,The Adventures of Dillon Helbig's Crismis,,81,Dillon Helbig
http://www.wikidata.org/entity/Q110814125,Der Gedankenleser,2010-03-08T00:00:00Z,304,Jürgen Domian
http://www.wikidata.org/entity/Q110832920,In the Game,1991-01-01T00:00:00Z,,Nikki Baker
http://www.wikidata.org/entity/Q110859954,,,,Hotate Shinkawa
http://www.wikidata.org/entity/Q110874998,ハーモニー,2008-01-01T00:00:00Z,,Project Itoh
http://www.wikidata.org/entity/Q110895870,今夜、世界からこの恋が消えても,2020-01-01T00:00:00Z,,Misaki Ichijō
http://www.wikidata.org/entity/Q110924321,Soen Bang Yan Gie atawa Ketjoerangan jang Terbales Kedjadian di Djeman Liat Kok,1936-01-01T00:00:00Z,,Lie Lin Leng
http://www.wikidata.org/entity/Q110937555,Pan de limón con semillas de amapola,2016-01-01T00:00:00Z,,Cristina Campos
http://www.wikidata.org/entity/Q110961444,,2021-01-01T00:00:00Z,,Klas Östergren
http://www.wikidata.org/entity/Q111015002,,1992-01-01T00:00:00Z,,Fred Saberhagen
http://www.wikidata.org/entity/Q111015002,,1992-01-01T00:00:00Z,,James V. Hart
http://www.wikidata.org/entity/Q111031672,Dia atawa Boekan,1930-01-01T00:00:00Z,,Tan Tjin Kang
http://www.wikidata.org/entity/Q111034261,,,,Li Chiao
http://www.wikidata.org/entity/Q111079755,,2015-01-01T00:00:00Z,,Kate Morton
http://www.wikidata.org/entity/Q111079762,,,,Kate Morton
http://www.wikidata.org/entity/Q111095468,Hide,2007-01-01T00:00:00Z,,Lisa Gardner
http://www.wikidata.org/entity/Q111109502,Σασμός,2019-01-01T00:00:00Z,,Spiros Petroulakis
http://www.wikidata.org/entity/Q111153476,,,,
http://www.wikidata.org/entity/Q111204133,,,,Adrien Bertrand
http://www.wikidata.org/entity/Q111218648,Lágerek népe,1947-01-01T00:00:00Z,,István Örkény
http://www.wikidata.org/entity/Q111232859,,,,Sylva Nze Ifedigbo
http://www.wikidata.org/entity/Q111233232,Talk to me,2018-12-24T00:00:00Z,,Dami Ajayi
http://www.wikidata.org/entity/Q111235066,The Potter’s Wheel,1974-01-01T00:00:00Z,,Chukwuemeka Ike
http://www.wikidata.org/entity/Q111235078,Stay with me.,2017-01-01T00:00:00Z,,Ayobami Adebayo
http://www.wikidata.org/entity/Q111235111,The Return of Ikenga,1980-01-01T00:00:00Z,,Chukwuemeka Ohuka
http://www.wikidata.org/entity/Q111235140,The New Man.,1994-01-01T00:00:00Z,,Femi Ademiluyi
http://www.wikidata.org/entity/Q111235187,The Street.,1999-01-01T00:00:00Z,,Biyi Bandele
http://www.wikidata.org/entity/Q111235228,The Voice,1964-01-01T00:00:00Z,,Gabriel Okara
http://www.wikidata.org/entity/Q111235287,Lonely Days,2006-01-01T00:00:00Z,,Bayo Adebowale
http://www.wikidata.org/entity/Q111235453,Not with silver.,2007-01-01T00:00:00Z,,Simi Bedford
http://www.wikidata.org/entity/Q111235541,Unbridled,2007-04-01T00:00:00Z,,Jude Dibia
http://www.wikidata.org/entity/Q111235617,Violence,1979-01-01T00:00:00Z,,Festus Iyayi
http://www.wikidata.org/entity/Q111238771,Amina,1982-01-01T00:00:00Z,,Mohammad Umar
http://www.wikidata.org/entity/Q111238778,Arrows of God.,1964-01-01T00:00:00Z,,Chinua Achebe
http://www.wikidata.org/entity/Q111238791,Behind the clouds,1982-01-01T00:00:00Z,,Ifeoma Okoye
http://www.wikidata.org/entity/Q124080874,,1894-01-01T00:00:00Z,,L. T. Meade
http://www.wikidata.org/entity/Q124080875,,1897-01-01T00:00:00Z,,William Gordon Stables
http://www.wikidata.org/entity/Q124080876,,1870-01-01T00:00:00Z,,Mrs J. H. Riddell
http://www.wikidata.org/entity/Q124080877,,1880-01-01T00:00:00Z,,David Christie Murray
http://www.wikidata.org/entity/Q124080879,,1888-01-01T00:00:00Z,,George Gissing
http://www.wikidata.org/entity/Q124080880,,1890-01-01T00:00:00Z,,Margaret Wolfe Hungerford
http://www.wikidata.org/entity/Q124080881,,1883-01-01T00:00:00Z,,Edwin Whelpton
http://www.wikidata.org/entity/Q124080882,,1901-01-01T00:00:00Z,,Tom Bevan
http://www.wikidata.org/entity/Q124080883,,1889-01-01T00:00:00Z,,Henrietta Eliza Vaughan Stannard
http://www.wikidata.org/entity/Q124080884,,1901-01-01T00:00:00Z,,Mary Crawford Fraser
http://www.wikidata.org/entity/Q124080885,,1891-01-01T00:00:00Z,,Margaret Wolfe Hungerford
http://www.wikidata.org/entity/Q124080886,,1896-01-01T00:00:00Z,,Sarah Tytler
http://www.wikidata.org/entity/Q124080887,,1893-01-01T00:00:00Z,,Ada Cambridge
http://www.wikidata.org/entity/Q124080888,,1892-01-01T00:00:00Z,,Hamlin Garland
http://www.wikidata.org/entity/Q124080889,,1882-01-01T00:00:00Z,,Margaret Oliphant
http://www.wikidata.org/entity/Q124080890,,1887-01-01T00:00:00Z,,Margaret Roberts
http://www.wikidata.org/entity/Q124080891,,1878-01-01T00:00:00Z,,Florence Marryat
http://www.wikidata.org/entity/Q124080892,,1900-01-01T00:00:00Z,,Clara Lemore
http://www.wikidata.org/entity/Q124080893,,1876-01-01T00:00:00Z,,Meta Orred
http://www.wikidata.org/entity/Q124080894,,1896-01-01T00:00:00Z,,Fred Whishaw
http://www.wikidata.org/entity/Q124080895,,1889-01-01T00:00:00Z,,Mary E. Mann
http://www.wikidata.org/entity/Q124080896,,1899-01-01T00:00:00Z,,John Buchan
http://www.wikidata.org/entity/Q124080897,,1885-01-01T00:00:00Z,,Mary Linskill
http://www.wikidata.org/entity/Q124080898,,1892-01-01T00:00:00Z,,William L. Alden
http://www.wikidata.org/entity/Q124080899,,1889-01-01T00:00:00Z,,Mrs. Lovett Cameron
http://www.wikidata.org/entity/Q124080900,,1882-01-01T00:00:00Z,,Georgina Drewry
http://www.wikidata.org/entity/Q124080901,,1895-01-01T00:00:00Z,,Annie Hall Cudlip
http://www.wikidata.org/entity/Q124080902,,1858-01-01T00:00:00Z,,Harriette Smythies
http://www.wikidata.org/entity/Q124080903,,1900-01-01T00:00:00Z,,Florence Warden
http://www.wikidata.org/entity/Q124080904,,1900-01-01T00:00:00Z,,Sarah Tytler
http://www.wikidata.org/entity/Q124080905,,1900-01-01T00:00:00Z,,Mrs. Lovett Cameron
http://www.wikidata.org/entity/Q124080906,,1875-01-01T00:00:00Z,,May Agnes Fleming
http://www.wikidata.org/entity/Q124080907,,1893-01-01T00:00:00Z,,Margaret Wolfe Hungerford
http://www.wikidata.org/entity/Q124080908,,1878-01-01T00:00:00Z,,Mrs. Alexander Fraser
http://www.wikidata.org/entity/Q124080909,,1897-01-01T00:00:00Z,,William Le Queux
http://www.wikidata.org/entity/Q124080910,,1895-01-01T00:00:00Z,,Henrietta Eliza Vaughan Stannard
http://www.wikidata.org/entity/Q124080911,,1883-01-01T00:00:00Z,,Annie Charlotte Catharine Aldrich
http://www.wikidata.org/entity/Q124080912,,1885-01-01T00:00:00Z,,Margaret Wolfe Hungerford
http://www.wikidata.org/entity/Q124080913,,1899-01-01T00:00:00Z,,Bart Kennedy
http://www.wikidata.org/entity/Q124080914,,1895-01-01T00:00:00Z,,Eleanora Vynne
http://www.wikidata.org/entity/Q124080915,,1885-01-01T00:00:00Z,,William Edward Norris
http://www.wikidata.org/entity/Q124080916,,1890-01-01T00:00:00Z,,Margaret Harkness
http://www.wikidata.org/entity/Q124080917,,1890-01-01T00:00:00Z,,Jessie Fothergill
http://www.wikidata.org/entity/Q124080918,,1898-01-01T00:00:00Z,,George Alfred Henty
http://www.wikidata.org/entity/Q124080919,,1890-01-01T00:00:00Z,,Ada Cambridge
http://www.wikidata.org/entity/Q124080920,,1896-01-01T00:00:00Z,,Robert Williams Buchanan
http://www.wikidata.org/entity/Q124080921,,1828-01-01T00:00:00Z,,Caroline Lucy Scott
http://www.wikidata.org/entity/Q124080922,,1896-01-01T00:00:00Z,,Fergus Hume
http://www.wikidata.org/entity/Q124080924,,1879-01-01T00:00:00Z,,George Rose
http://www.wikidata.org/entity/Q124080925,,1886-01-01T00:00:00Z,,Louisa Baldwin
http://www.wikidata.org/entity/Q124080927,,1878-01-01T00:00:00Z,,George Rose
http://www.wikidata.org/entity/Q124080928,,1891-01-01T00:00:00Z,,C. J. Cutcliffe Hyne
http://www.wikidata.org/entity/Q124080929,,1881-01-01T00:00:00Z,,Dorothy Boulger
http://www.wikidata.org/entity/Q124080930,,1894-01-01T00:00:00Z,,Mrs. Alexander Fraser
http://www.wikidata.org/entity/Q124080931,,1882-01-01T00:00:00Z,,Ada Cambridge
http://www.wikidata.org/entity/Q124080932,,1893-01-01T00:00:00Z,,Mary Angela Dickens
http://www.wikidata.org/entity/Q124080933,,1894-01-01T00:00:00Z,,Fergus Hume
http://www.wikidata.org/entity/Q124080934,,1887-01-01T00:00:00Z,,Bret Harte
http://www.wikidata.org/entity/Q124080935,,1900-01-01T00:00:00Z,,E. Phillips Oppenheim
http://www.wikidata.org/entity/Q124080936,,1885-01-01T00:00:00Z,,Emily Lawless
http://www.wikidata.org/entity/Q124080937,,1887-01-01T00:00:00Z,,John Alexander Steuart
http://www.wikidata.org/entity/Q124080938,,1901-01-01T00:00:00Z,,Guy Boothby
http://www.wikidata.org/entity/Q124080939,,1872-01-01T00:00:00Z,,Matilda Mackarness
http://www.wikidata.org/entity/Q124080940,,1888-01-01T00:00:00Z,,Hesba Stretton
http://www.wikidata.org/entity/Q124080941,,1896-01-01T00:00:00Z,,Adolphus Pohl
http://www.wikidata.org/entity/Q124080942,,1894-01-01T00:00:00Z,,Alice Comyns Carr
http://www.wikidata.org/entity/Q124080943,,1894-01-01T00:00:00Z,,George Paston
http://www.wikidata.org/entity/Q124080944,,1901-01-01T00:00:00Z,,Laurence Housman
http://www.wikidata.org/entity/Q124080945,,1892-01-01T00:00:00Z,,Mrs. Alexander Fraser
http://www.wikidata.org/entity/Q124080946,,1888-01-01T00:00:00Z,,William Fraser Rae
http://www.wikidata.org/entity/Q124080949,,1892-01-01T00:00:00Z,,James Payn
http://www.wikidata.org/entity/Q124080952,,1894-01-01T00:00:00Z,,Silvester Horne
http://www.wikidata.org/entity/Q124080953,,1879-01-01T00:00:00Z,,Charlotte Despard
http://www.wikidata.org/entity/Q124080954,,1887-01-01T00:00:00Z,,Joseph Molloy
http://www.wikidata.org/entity/Q124080955,,1890-01-01T00:00:00Z,,Elinor Louisa Huddart
http://www.wikidata.org/entity/Q124080956,,1875-01-01T00:00:00Z,,Elizabeth Owens Blackburne
http://www.wikidata.org/entity/Q124080957,,1901-01-01T00:00:00Z,,Archer Philip Crouch
http://www.wikidata.org/entity/Q124080959,,1886-01-01T00:00:00Z,,Charlotte Mary Yonge
http://www.wikidata.org/entity/Q124080960,,1883-01-01T00:00:00Z,,Joseph Hatton
http://www.wikidata.org/entity/Q124080961,,1883-01-01T00:00:00Z,,Florence Marryat
http://www.wikidata.org/entity/Q124080962,,1894-01-01T00:00:00Z,,E. Phillips Oppenheim
http://www.wikidata.org/entity/Q124080963,,1896-01-01T00:00:00Z,,Andrew Lang
http://www.wikidata.org/entity/Q124080964,,1891-01-01T00:00:00Z,,Algernon Gissing
http://www.wikidata.org/entity/Q124080965,,1889-01-01T00:00:00Z,,Samuel Page Widnall
http://www.wikidata.org/entity/Q124080966,,1891-01-01T00:00:00Z,,Anne Crawford
http://www.wikidata.org/entity/Q124080967,,1899-01-01T00:00:00Z,,Henrietta Eliza Vaughan Stannard
http://www.wikidata.org/entity/Q124080968,,1886-01-01T00:00:00Z,,Christabel Coleridge
http://www.wikidata.org/entity/Q124080969,,1892-01-01T00:00:00Z,,Amélie Claire Leroy
http://www.wikidata.org/entity/Q124080970,,1887-01-01T00:00:00Z,,Catherine Ray
http://www.wikidata.org/entity/Q124080971,,1891-01-01T00:00:00Z,,William Clery
http://www.wikidata.org/entity/Q124080972,,1894-01-01T00:00:00Z,,Edgar Fawcett
http://www.wikidata.org/entity/Q124080973,,1890-01-01T00:00:00Z,,Iza Duffus Hardy
http://www.wikidata.org/entity/Q124080974,,1892-01-01T00:00:00Z,,Thomas A. Pinkerton
http://www.wikidata.org/entity/Q124080975,,1895-01-01T00:00:00Z,,Geraldine May Butt
http://www.wikidata.org/entity/Q124080976,,1859-01-01T00:00:00Z,,William Tracy Turnerelli
http://www.wikidata.org/entity/Q124080977,,1875-01-01T00:00:00Z,,Hamilton Aidé
http://www.wikidata.org/entity/Q124080978,,1885-01-01T00:00:00Z,,Anton Giulio Barrili
http://www.wikidata.org/entity/Q124080979,,1883-01-01T00:00:00Z,,William Wilthieu Fenn
http://www.wikidata.org/entity/Q124080980,,1862-01-01T00:00:00Z,,Anne Manning
http://www.wikidata.org/entity/Q124080981,,1878-01-01T00:00:00Z,,Philip Meadows Taylor
